USE SoccerStats;

-- USE SoccerStatsDevelop;
-- USE SoccerStatsTesting;

INSERT INTO Usuario(nombre, apellido, claveAcceso, correo, telefono, fotografia, genero, fechaNacimiento, direccion, rol, estado, paisID )
VALUES ('Cliente', 'Grupo A','aelD9IddykHzKSlcUcMIsQ==', 'Ac', '12345', 'https://cdn.pixabay.com/photo/2015/10/05/22/37/blank-profile-picture-973460_960_720.png', 'U', '1998-05-04', 'SAB', 3, 1, 88),
('Cliente', 'Grupo B','aelD9IddykHzKSlcUcMIsQ==', 'framire2014ig@gmail.com', '12345', 'https://cdn.pixabay.com/photo/2015/10/05/22/37/blank-profile-picture-973460_960_720.png', 'U', '1998-05-04', 'SAB', 3, 1, 88),
('Cliente', 'Grupo C','aelD9IddykHzKSlcUcMIsQ==', 'sicmariana8@gmail.com', '12345', 'https://cdn.pixabay.com/photo/2015/10/05/22/37/blank-profile-picture-973460_960_720.png', 'U', '1998-05-04', 'SAB', 3, 1, 88),
('Cliente', 'Grupo D','aelD9IddykHzKSlcUcMIsQ==', 'Dc', '12345', 'https://cdn.pixabay.com/photo/2015/10/05/22/37/blank-profile-picture-973460_960_720.png', 'U', '1998-05-04', 'SAB', 3, 1, 88),
('Cliente', 'Grupo E','aelD9IddykHzKSlcUcMIsQ==', 'Ec', '12345', 'https://cdn.pixabay.com/photo/2015/10/05/22/37/blank-profile-picture-973460_960_720.png', 'U', '1998-05-04', 'SAB', 3, 1, 88),
('Cliente', 'Grupo G','aelD9IddykHzKSlcUcMIsQ==', 'Gc', '12345', 'https://cdn.pixabay.com/photo/2015/10/05/22/37/blank-profile-picture-973460_960_720.png', 'U', '1998-05-04', 'SAB', 3, 1, 88),
('Cliente', 'Grupo H','aelD9IddykHzKSlcUcMIsQ==', 'Hc', '12345', 'https://cdn.pixabay.com/photo/2015/10/05/22/37/blank-profile-picture-973460_960_720.png', 'U', '1998-05-04', 'SAB', 3, 1, 88),
('Cliente', 'Grupo I','aelD9IddykHzKSlcUcMIsQ==', 'Ic', '12345', 'https://cdn.pixabay.com/photo/2015/10/05/22/37/blank-profile-picture-973460_960_720.png', 'U', '1998-05-04', 'SAB', 3, 1, 88),
('Cliente', 'Grupo J','aelD9IddykHzKSlcUcMIsQ==', 'vgdep1997@gmail.com', '12345', 'https://cdn.pixabay.com/photo/2015/10/05/22/37/blank-profile-picture-973460_960_720.png', 'U', '1998-05-04', 'SAB', 3, 1, 88),
('Cliente', 'Grupo K','aelD9IddykHzKSlcUcMIsQ==', 'Kc', '12345', 'https://cdn.pixabay.com/photo/2015/10/05/22/37/blank-profile-picture-973460_960_720.png', 'U', '1998-05-04', 'SAB', 3, 1, 88),

('Administrador', 'Grupo A','aelD9IddykHzKSlcUcMIsQ==', 'Aa', '12345', 'https://cdn.pixabay.com/photo/2015/10/05/22/37/blank-profile-picture-973460_960_720.png', 'U', '1998-05-04', 'SAB', 1, 1, 88),
('Administrador', 'Grupo B','aelD9IddykHzKSlcUcMIsQ==', 'proyectosusac2022@gmail.com', '12345', 'https://cdn.pixabay.com/photo/2015/10/05/22/37/blank-profile-picture-973460_960_720.png', 'U', '1998-05-04', 'SAB', 1, 1, 88),
('Administrador', 'Grupo C','aelD9IddykHzKSlcUcMIsQ==', 'Ca', '12345', 'https://cdn.pixabay.com/photo/2015/10/05/22/37/blank-profile-picture-973460_960_720.png', 'U', '1998-05-04', 'SAB', 1, 1, 88),
('Administrador', 'Grupo D','aelD9IddykHzKSlcUcMIsQ==', 'Da', '12345', 'https://cdn.pixabay.com/photo/2015/10/05/22/37/blank-profile-picture-973460_960_720.png', 'U', '1998-05-04', 'SAB', 1, 1, 88),
('Administrador', 'Grupo E','aelD9IddykHzKSlcUcMIsQ==', 'Ea', '12345', 'https://cdn.pixabay.com/photo/2015/10/05/22/37/blank-profile-picture-973460_960_720.png', 'U', '1998-05-04', 'SAB', 1, 1, 88),
('Administrador', 'Grupo G','aelD9IddykHzKSlcUcMIsQ==', 'Ga', '12345', 'https://cdn.pixabay.com/photo/2015/10/05/22/37/blank-profile-picture-973460_960_720.png', 'U', '1998-05-04', 'SAB', 1, 1, 88),
('Administrador', 'Grupo H','aelD9IddykHzKSlcUcMIsQ==', 'Ha', '12345', 'https://cdn.pixabay.com/photo/2015/10/05/22/37/blank-profile-picture-973460_960_720.png', 'U', '1998-05-04', 'SAB', 1, 1, 88),
('Administrador', 'Grupo I','aelD9IddykHzKSlcUcMIsQ==', 'Ia', '12345', 'https://cdn.pixabay.com/photo/2015/10/05/22/37/blank-profile-picture-973460_960_720.png', 'U', '1998-05-04', 'SAB', 1, 1, 88),
('Administrador', 'Grupo J','aelD9IddykHzKSlcUcMIsQ==', 'alisonleiva24@gmail.com', '12345', 'https://cdn.pixabay.com/photo/2015/10/05/22/37/blank-profile-picture-973460_960_720.png', 'U', '1998-05-04', 'SAB', 1, 1, 88),
('Administrador', 'Grupo K','aelD9IddykHzKSlcUcMIsQ==', 'Ka', '12345', 'https://cdn.pixabay.com/photo/2015/10/05/22/37/blank-profile-picture-973460_960_720.png', 'U', '1998-05-04', 'SAB', 1, 1, 88);

INSERT INTO PosicionJugador (posicionJugadorID, nombre) VALUES 
    (1, 'Portero'), 
    (2, 'Defensa'),
    (3, 'Medio'),
    (4, 'Delantero');

INSERT INTO Pais (paisID, nombre) VALUES
    (1, 'Afghanistan'),
    (2, 'Albania'),
    (3, 'Algeria'),
    (4, 'American Samoa'),
    (5, 'Andorra'),
    (6, 'Angola'),
    (7, 'Anguilla'),
    (8, 'Antarctica'),
    (9, 'Antigua and Barbuda'),
    (10, 'Argentina'),
    (11, 'Armenia'),
    (12, 'Aruba'),
    (13, 'Australia'),
    (14, 'Austria'),
    (15, 'Azerbaijan'),
    (16, 'Bahamas'),
    (17, 'Bahrain'),
    (18, 'Bangladesh'),
    (19, 'Barbados'),
    (20, 'Belarus'),
    (21, 'Belgium'),
    (22, 'Belize'),
    (23, 'Benin'),
    (24, 'Bermuda'),
    (25, 'Bhutan'),
    (26, 'Bolivia'),
    (27, 'Bosnia and Herzegovina'),
    (28, 'Botswana'),
    (29, 'Bouvet Island'),
    (30, 'Brazil'),
    (31, 'British Indian Ocean Territory'),
    (32, 'Brunei Darussalam'),
    (33, 'Bulgaria'),
    (34, 'Burkina Faso'),
    (35, 'Burundi'),
    (36, 'Cambodia'),
    (37, 'Cameroon'),
    (38, 'Canada'),
    (39, 'Cape Verde'),
    (40, 'Cayman Islands'),
    (41, 'Central African Republic'),
    (42, 'Chad'),
    (43, 'Chile'),
    (44, 'China'),
    (45, 'Christmas Island'),
    (46, 'Cocos (Keeling) Islands'),
    (47, 'Colombia'),
    (48, 'Comoros'),
    (49, 'Congo'),
    (50, 'Congo, the Democratic Republic of the'),
    (51, 'Cook Islands'),
    (52, 'Costa Rica'),
    (53, 'Cote D''Ivoire'),
    (54, 'Croatia'),
    (55, 'Cuba'),
    (56, 'Cyprus'),
    (57, 'Czech Republic'),
    (58, 'Denmark'),
    (59, 'Djibouti'),
    (60, 'Dominica'),
    (61, 'Dominican Republic'),
    (62, 'Ecuador'),
    (63, 'Egypt'),
    (64, 'El Salvador'),
    (65, 'Equatorial Guinea'),
    (66, 'Eritrea'),
    (67, 'Estonia'),
    (68, 'Ethiopia'),
    (69, 'Falkland Islands (Malvinas)'),
    (70, 'Faroe Islands'),
    (71, 'Fiji'),
    (72, 'Finland'),
    (73, 'France'),
    (74, 'French Guiana'),
    (75, 'French Polynesia'),
    (76, 'French Southern Territories'),
    (77, 'Gabon'),
    (78, 'Gambia'),
    (79, 'Georgia'),
    (80, 'Germany'),
    (81, 'Ghana'),
    (82, 'Gibraltar'),
    (83, 'Greece'),
    (84, 'Greenland'),
    (85, 'Grenada'),
    (86, 'Guadeloupe'),
    (87, 'Guam'),
    (88, 'Guatemala'),
    (89, 'Guinea'),
    (90, 'Guinea-Bissau'),
    (91, 'Guyana'),
    (92, 'Haiti'),
    (93, 'Heard Island and Mcdonald Islands'),
    (94, 'Holy See (Vatican City State)'),
    (95, 'Honduras'),
    (96, 'Hong Kong'),
    (97, 'Hungary'),
    (98, 'Iceland'),
    (99, 'India'),
    (100, 'Indonesia'),
    (101, 'Iran, Islamic Republic of'),
    (102, 'Iraq'),
    (103, 'Ireland'),
    (104, 'Israel'),
    (105, 'Italy'),
    (106, 'Jamaica'),
    (107, 'Japan'),
    (108, 'Jordan'),
    (109, 'Kazakhstan'),
    (110, 'Kenya'),
    (111, 'Kiribati'),
    (112, 'Korea, Democratic People''s Republic of'),
    (113, 'Korea, Republic of'),
    (114, 'Kuwait'),
    (115, 'Kyrgyzstan'),
    (116, 'Lao People''s Democratic Republic'),
    (117, 'Latvia'),
    (118, 'Lebanon'),
    (119, 'Lesotho'),
    (120, 'Liberia'),
    (121, 'Libyan Arab Jamahiriya'),
    (122, 'Liechtenstein'),
    (123, 'Lithuania'),
    (124, 'Luxembourg'),
    (125, 'Macao'),
    (126, 'Macedonia, the Former Yugoslav Republic of'),
    (127, 'Madagascar'),
    (128, 'Malawi'),
    (129, 'Malaysia'),
    (130, 'Maldives'),
    (131, 'Mali'),
    (132, 'Malta'),
    (133, 'Marshall Islands'),
    (134, 'Martinique'),
    (135, 'Mauritania'),
    (136, 'Mauritius'),
    (137, 'Mayotte'),
    (138, 'Mexico'),
    (139, 'Micronesia, Federated States of'),
    (140, 'Moldova, Republic of'),
    (141, 'Monaco'),
    (142, 'Mongolia'),
    (143, 'Montserrat'),
    (144, 'Morocco'),
    (145, 'Mozambique'),
    (146, 'Myanmar'),
    (147, 'Namibia'),
    (148, 'Nauru'),
    (149, 'Nepal'),
    (150, 'Netherlands'),
    (151, 'Netherlands Antilles'),
    (152, 'New Caledonia'),
    (153, 'New Zealand'),
    (154, 'Nicaragua'),
    (155, 'Niger'),
    (156, 'Nigeria'),
    (157, 'Niue'),
    (158, 'Norfolk Island'),
    (159, 'Northern Mariana Islands'),
    (160, 'Norway'),
    (161, 'Oman'),
    (162, 'Pakistan'),
    (163, 'Palau'),
    (164, 'Palestinian Territory, Occupied'),
    (165, 'Panama'),
    (166, 'Papua New Guinea'),
    (167, 'Paraguay'),
    (168, 'Peru'),
    (169, 'Philippines'),
    (170, 'Pitcairn'),
    (171, 'Poland'),
    (172, 'Portugal'),
    (173, 'Puerto Rico'),
    (174, 'Qatar'),
    (175, 'Reunion'),
    (176, 'Romania'),
    (177, 'Russian Federation'),
    (178, 'Rwanda'),
    (179, 'Saint Helena'),
    (180, 'Saint Kitts and Nevis'),
    (181, 'Saint Lucia'),
    (182, 'Saint Pierre and Miquelon'),
    (183, 'Saint Vincent and the Grenadines'),
    (184, 'Samoa'),
    (185, 'San Marino'),
    (186, 'Sao Tome and Principe'),
    (187, 'Saudi Arabia'),
    (188, 'Senegal'),
    (189, 'Serbia and Montenegro'),
    (190, 'Seychelles'),
    (191, 'Sierra Leone'),
    (192, 'Singapore'),
    (193, 'Slovakia'),
    (194, 'Slovenia'),
    (195, 'Solomon Islands'),
    (196, 'Somalia'),
    (197, 'South Africa'),
    (198, 'South Georgia and the South Sandwich Islands'),
    (199, 'Spain'),
    (200, 'Sri Lanka'),
    (201, 'Sudan'),
    (202, 'Suriname'),
    (203, 'Svalbard and Jan Mayen'),
    (204, 'Swaziland'),
    (205, 'Sweden'),
    (206, 'Switzerland'),
    (207, 'Syrian Arab Republic'),
    (208, 'Taiwan, Province of China'),
    (209, 'Tajikistan'),
    (210, 'Tanzania, United Republic of'),
    (211, 'Thailand'),
    (212, 'Timor-Leste'),
    (213, 'Togo'),
    (214, 'Tokelau'),
    (215, 'Tonga'),
    (216, 'Trinidad and Tobago'),
    (217, 'Tunisia'),
    (218, 'Turkey'),
    (219, 'Turkmenistan'),
    (220, 'Turks and Caicos Islands'),
    (221, 'Tuvalu'),
    (222, 'Uganda'),
    (223, 'Ukraine'),
    (224, 'United Arab Emirates'),
    (225, 'United Kingdom'),
    (226, 'United States'),
    (227, 'United States Minor Outlying Islands'),
    (228, 'Uruguay'),
    (229, 'Uzbekistan'),
    (230, 'Vanuatu'),
    (231, 'Venezuela'),
    (232, 'Viet Nam'),
    (233, 'Virgin Islands, British'),
    (234, 'Virgin Islands, U.s.'),
    (235, 'Wallis and Futuna'),
    (236, 'Western Sahara'),
    (237, 'Yemen'),
    (238, 'Zambia'),
    (239, 'Zimbabwe');

INSERT INTO Usuario (usuarioID, nombre, apellido, claveAcceso, correo, telefono, fotografia, genero, fechaNacimiento, fechaRegistro, direccion, rol, estado, paisID) VALUES 
    ('1', 'admin', 'admin', '35gbg6VnNVPizK8I3ajWhg==', 'admin@gmail.com', '12345678', 'https://grupof.s3.us-east-2.amazonaws.com/usuarios/01c2f149-79c3-459d-bff2-f39906aff4a0.png', 'F', '1989-02-16', '2022-01-01', 'Los Ángeles, California', 1, 1, 226),
    ('2', 'employee', 'employee', '35gbg6VnNVPizK8I3ajWhg==', 'employee@gmail.com', '12345678', 'https://grupof.s3.us-east-2.amazonaws.com/usuarios/01c2f149-79c3-459d-bff2-f39906aff4a0.png', 'F', '1989-02-16', '2022-01-01', 'Los Ángeles, California', 2, 1, 226),
    ('3', 'customer', 'customer', '35gbg6VnNVPizK8I3ajWhg==', 'customer@gmail.com', '12345678', 'https://grupof.s3.us-east-2.amazonaws.com/usuarios/01c2f149-79c3-459d-bff2-f39906aff4a0.png', 'F', '1989-02-16', '2022-01-01', 'Los Ángeles, California', 3, 1, 226);

INSERT INTO Jugador (nombre, apellido, fechaNacimiento, estado, foto, posicionJugadorID, paisID) VALUES
    ('Marc-André', 'ter Stegen', '1992-04-30', 1, 'https://s.hs-data.com/bilder/spieler/gross/150720.jpg', 1, 80),
    ('Thibaut', 'Courtois', '1992-05-11', 1, 'https://s.hs-data.com/bilder/spieler/gross/140652.jpg', 1, 21),
    ('Jan', 'Oblak', '1993-01-07', 1, 'https://s.hs-data.com/bilder/spieler/gross/174468.jpg', 1, 194),
    ('Manuel', 'Neuer', '1986-03-27', 1, 'https://s.hs-data.com/bilder/spieler/gross/21516.jpg', 1, 80),
    ('Gregor', 'Kobel', '1997-12-06', 1, 'https://s.hs-data.com/bilder/spieler/gross/272803.jpg', 1, 206),
    ('Virgil', 'van Dijk', '1991-07-08', 1, 'https://s.hs-data.com/bilder/spieler/gross/163624.jpg', 2, 150),
    ('Ronald', 'Araújo', '1999-03-07', 1, 'https://s.hs-data.com/bilder/spieler/gross/397946.jpg', 2, 228),
    ('Sergio', 'Ramos', '1986-03-30', 1, 'https://s.hs-data.com/bilder/spieler/gross/19198.jpg', 2, 199),
    ('Jordi', 'Alba', '1989-03-21', 1, 'https://s.hs-data.com/bilder/spieler/gross/125417.jpg', 2, 199),
    ('Sergio', 'Busquets', '1988-07-16', 1, 'https://s.hs-data.com/bilder/spieler/gross/124973.jpg', 3, 199),
    ('Bruno', 'Fernandes', '1994-09-08', 1, 'https://s.hs-data.com/bilder/spieler/gross/226450.jpg', 3, 172),
    ('Luka', 'Modric', '1985-09-09', 1, 'https://s.hs-data.com/bilder/spieler/gross/38680.jpg', 3, 226),
    ('Lionel', 'Messi', '1985-06-24', 1, 'https://s.hs-data.com/bilder/spieler/gross/26622.jpg', 4, 10),
    ('Robert', 'Lewandowski', '1985-06-24', 1, 'https://s.hs-data.com/bilder/spieler/gross/119750.jpg', 4, 171);

INSERT INTO DirectorTecnico (nombre, apellido, fechaNacimiento, estado, foto, paisID) VALUES 
    ('Pep', 'Guardiola', '1971-01-18', '1', 'https://s.hs-data.com/bilder/spieler/gross/3528.jpg', 199),
    ('Jürgen', 'Klopp', '1967-06-16', '1', 'https://s.hs-data.com/bilder/spieler/gross/2235.jpg', 80),
    ('Ralf', 'Rangnick', '1958-06-29', '1', 'https://s.hs-data.com/bilder/spieler/gross/2127.jpg', 80),
    ('Julian', 'Nagelsmann', '1986-07-23', '1', 'https://s.hs-data.com/bilder/spieler/gross/53685.jpg', 80),
    ('Matthias', 'Jaissle', '1988-04-05', '1', 'https://s.hs-data.com/bilder/spieler/gross/73109.jpg', 80);

INSERT INTO Estadio (nombre, fechaFundacion, capacidad, direccion, estado, foto, paisID) VALUES
    ('Allianz Arena','2002-10-21',75024,'Werner-Heisenberg-Allee 25',1,'https://s.hs-data.com/bilder/stadien/detail/678.jpg',80),
    ('Allianz Stadium','1990-12-12',41254,'Strada Comunale di Altessano 131',1,'https://s.hs-data.com/bilder/stadien/detail/3831.jpg',105),
    ('Anfield','2002-10-21',54074,'L4 0TH Liverpool',1,'https://s.hs-data.com/bilder/stadien/detail/80.jpg',225),
    ('Camp Nou','2002-10-21',99354,'Carrer dAristides Maillol',1,'https://s.hs-data.com/bilder/stadien/detail/78.jpg',199),
    ('Estádio da Luz','2002-10-21',75024,'Av. General Norton De Matos 1500',1,'https://s.hs-data.com/bilder/stadien/detail/421.jpg',172),
    ('Gazprom Arena','2016-10-21',68134,'Futbolnaya alley 1',1,'https://s.hs-data.com/bilder/stadien/detail/5245.jpg',177),
    ('Jan Breydel Stadion','1975-09-23',29042,'Brugge',1,'https://s.hs-data.com/bilder/stadien/detail/75.jpg',21),
    ('Johan Cruijff ArenA','1996-06-07',54990,'Arena Boulevard 29',1,'https://s.hs-data.com/bilder/stadien/detail/73.jpg',150),
    ('Nya Malmo Stadion','2009-11-12',22500,'Eric Perssons väg 31',1,'https://s.hs-data.com/bilder/stadien/detail/2347.jpg',205),
    ('Olimpiyskyi','1923-10-21',70050,'Kiev',1,'https://s.hs-data.com/bilder/stadien/detail/143.jpg',223),
    ('Parc des Princes','1972-10-04',48712,'Rue du Commandant Guilbaud 24',1,'https://s.hs-data.com/bilder/stadien/detail/62.jpg',73),
    ('Stadion Wankdorf','2005-11-01',32000,'Papiermühlestrasse 71',1,'https://s.hs-data.com/bilder/stadien/detail/650.jpg',218),
    ('Stamford Bridge','1877-04-03',41837,'SW6 1HS London',1,'https://s.hs-data.com/bilder/stadien/detail/270.jpg',225),
    ('Red Bull Arena','2003-10-21',31895,'5020 Wals-Siezenheim',1,'https://s.hs-data.com/bilder/stadien/detail/330.jpg',80),
    ('Santiago Bernabéu','1947-02-06',81044,'Avenida Concha Espina 1',1,'https://s.hs-data.com/bilder/stadien/detail/91.jpg',199);

INSERT INTO Equipo (nombre, fechaFundacion, fotoLogo, paisID) VALUES
    ('Atlético de Madrid','1903-04-26','https://s.hs-data.com/bilder/wappen/mittel/737.gif?fallback=png',199),
    ('F.C Barcelona','1899-11-29','https://s.hs-data.com/bilder/wappen/mittel/530.gif?fallback=png',199),
    ('Real Madrid','1902-03-06','https://s.hs-data.com/bilder/wappen/mittel/532.gif?fallback=png',199),
    ('Sevilla, S.A.D','1890-01-25','https://s.hs-data.com/bilder/wappen/mittel/529.gif?fallback=png',199),
    ('Athletic Club de Bilbao','1898-01-01','https://s.hs-data.com/bilder/wappen/mittel/528.gif?fallback=png',199),
    ('Real Betis','1907-09-12','https://s.hs-data.com/bilder/wappen/mittel/540.gif?fallback=png',199),
    ('Valencia','1919-03-18','https://s.hs-data.com/bilder/wappen/mittel/531.gif?fallback=png',199),
    ('Villarreal','1923-03-10','https://s.hs-data.com/bilder/wappen/mittel/538.gif?fallback=png',199),
    ('Real Sociedad','1909-09-07','https://s.hs-data.com/bilder/wappen/mittel/527.gif?fallback=png',199),
    ('Celta de Vigo','1923-08-23','https://s.hs-data.com/bilder/wappen/mittel/536.gif?fallback=png',199),
    ('Arsenal','1886-10-01','https://s.hs-data.com/bilder/wappen/mittel/555.gif?fallback=png',225),
    ('Chelsea','1905-03-14','https://s.hs-data.com/bilder/wappen/mittel/544.gif?fallback=png',225),
    ('Liverpool','1892-03-15','https://s.hs-data.com/bilder/wappen/mittel/550.gif?fallback=png',225),
    ('Manchester City','1880-01-01','https://s.hs-data.com/bilder/wappen/mittel/750.gif?fallback=png',225),
    ('Manchester United','1978-03-01','https://s.hs-data.com/bilder/wappen/mittel/543.gif?fallback=png',225),
    ('Tottenham Hotspur','1882-09-05','https://s.hs-data.com/bilder/wappen/mittel/552.gif?fallback=png',225),
    ('West Ham United','1895-01-01','https://s.hs-data.com/bilder/wappen/mittel/553.gif?fallback=png',225),
    ('Everton','1978-04-02','https://s.hs-data.com/bilder/wappen/mittel/560.gif?fallback=png',225),
    ('Leicester City','1884-01-01','https://s.hs-data.com/bilder/wappen/mittel/549.gif?fallback=png',225),
    ('Newcastle United','1882-01-01','https://s.hs-data.com/bilder/wappen/mittel/546.gif?fallback=png',225),
    ('Bayern Munchen','1900-02-27','https://s.hs-data.com/bilder/wappen/mittel/222.gif?fallback=png',80),
    ('Borussia Dortmund','1909-12-19','https://s.hs-data.com/bilder/wappen/mittel/210.gif?fallback=png',80),
    ('Bayer Leverkusen','1904-07-01','https://s.hs-data.com/bilder/wappen/mittel/236.gif?fallback=png',80),
    ('Leipzig','2009-05-19','https://s.hs-data.com/bilder/wappen/mittel/13247.gif?fallback=png',80),
    ('Stuttgart','1893-09-09','https://s.hs-data.com/bilder/wappen/mittel/215.gif?fallback=png',80),
    ('Ajax','1900-03-18','https://s.hs-data.com/bilder/wappen/mittel/1426.gif?fallback=png',150),
    ('PSV Eindhoven','1913-08-31','https://s.hs-data.com/bilder/wappen/mittel/1425.gif?fallback=png',150),
    ('Benfica','1904-02-28','https://s.hs-data.com/bilder/wappen/mittel/811.gif?fallback=png',172),
    ('Porto','1893-09-28','https://s.hs-data.com/bilder/wappen/mittel/808.gif?fallback=png',172),
    ('Sporting Clube','1906-07-01','https://s.hs-data.com/bilder/wappen/mittel/809.gif?fallback=png',172),
    ('Olympique Lyonnais','1950-08-03','https://s.hs-data.com/bilder/wappen/mittel/567.gif?fallback=png',73),
    ('Olympique de Marseille','1899-08-31','https://s.hs-data.com/bilder/wappen/mittel/576.gif?fallback=png',73),
    ('Monaco','1919-08-01','https://s.hs-data.com/bilder/wappen/mittel/562.gif?fallback=png',73),
    ('Lille','1944-09-23','https://s.hs-data.com/bilder/wappen/mittel/577.gif?fallback=png',73),
    ('Paris Saint-Germain','1970-08-12','https://s.hs-data.com/bilder/wappen/mittel/563.gif?fallback=png',73),
    ('Comunicaciones','1949-08-16','https://s.hs-data.com/bilder/wappen/mittel/5963.gif?fallback=png',88),
    ('Municipal','1936-05-17','https://s.hs-data.com/bilder/wappen/mittel/5964.gif?fallback=png',88);

INSERT INTO competencia(nombre, anio, tipo, paisID, equipoCampeonID) VALUES("SuperLiga", 2022, 1, 226, 36);

INSERT INTO partido(asistencia, fechaHora, equipoVisitaID, equipoLocalID, resultadoLocal, resultadoVisitante, estado, estadioID, arbitroID, competenciaID) VALUES 
(58953,"2022-10-24",2,1,5,5,2,9,null,1), 
(64754,"2022-6-25",3,1,5,5,3,12,null,1), 
(76573,"2022-10-24",4,1,4,2,3,4,null,1), 
(57235,"2022-9-4",5,1,3,1,3,3,null,1), 
(50985,"2022-6-10",6,1,4,2,3,9,null,1), 
(61346,"2022-7-3",7,1,4,2,3,4,null,1), 
(73502,"2022-9-29",8,1,0,0,1,3,null,1), 
(61526,"2022-5-5",9,1,5,0,2,1,null,1), 
(52364,"2022-6-15",10,1,3,2,3,15,null,1), 
(62101,"2022-7-22",11,1,0,0,1,11,null,1), 
(57722,"2022-5-20",12,1,5,4,2,6,null,1), 
(76356,"2022-10-21",13,1,0,0,1,7,null,1), 
(69897,"2022-7-30",14,1,5,4,2,9,null,1), 
(73783,"2022-6-27",15,1,0,0,1,1,null,1), 
(59163,"2022-11-6",16,1,3,2,3,15,null,1), 
(59473,"2022-6-21",17,1,4,1,4,9,null,1), 
(50840,"2022-11-1",18,1,4,2,2,9,null,1), 
(79674,"2022-11-20",19,1,0,0,1,3,null,1), 
(50981,"2022-12-29",20,1,4,2,3,3,null,1), 
(77800,"2022-5-8",21,1,3,5,4,3,null,1), 
(57933,"2022-10-18",22,1,3,3,2,14,null,1), 
(52137,"2022-6-29",23,1,0,0,1,2,null,1), 
(71476,"2022-5-8",24,1,4,0,4,10,null,1), 
(78268,"2022-10-7",25,1,5,1,4,6,null,1), 
(52025,"2022-11-22",26,1,4,2,4,7,null,1), 
(55808,"2022-12-13",27,1,4,1,4,1,null,1), 
(68305,"2022-12-3",28,1,4,1,3,13,null,1), 
(71481,"2022-7-20",29,1,0,0,1,13,null,1), 
(67594,"2022-5-12",30,1,4,2,2,1,null,1), 
(63310,"2022-6-13",31,1,0,0,1,8,null,1), 
(69921,"2022-6-17",32,1,3,0,2,2,null,1), 
(72929,"2022-10-16",33,1,5,1,4,10,null,1), 
(71038,"2022-12-25",34,1,5,0,4,3,null,1), 
(63835,"2022-12-25",35,1,0,0,1,12,null,1), 
(77904,"2022-10-4",36,1,3,1,3,14,null,1), 
(72537,"2022-9-28",37,1,0,0,1,7,null,1), 
(67504,"2022-12-16",1,2,5,3,4,10,null,1), 
(51681,"2022-12-2",3,2,4,5,4,4,null,1), 
(65471,"2022-5-25",4,2,5,2,4,11,null,1), 
(61868,"2022-9-2",5,2,0,0,1,13,null,1), 
(64833,"2022-12-5",6,2,4,2,4,7,null,1), 
(77801,"2022-10-1",7,2,3,1,3,2,null,1), 
(68714,"2022-11-12",8,2,0,0,1,8,null,1), 
(63549,"2022-7-24",9,2,3,1,2,2,null,1), 
(57609,"2022-9-24",10,2,3,2,3,8,null,1), 
(75461,"2022-5-1",11,2,4,4,3,8,null,1), 
(64347,"2022-11-5",12,2,5,5,4,4,null,1), 
(58783,"2022-12-8",13,2,5,3,2,8,null,1), 
(72650,"2022-5-7",14,2,5,4,3,4,null,1), 
(79165,"2022-8-18",15,2,5,4,4,13,null,1), 
(70783,"2022-9-10",16,2,4,0,2,8,null,1), 
(68642,"2022-7-15",17,2,0,0,1,6,null,1), 
(68030,"2022-6-6",18,2,5,2,3,4,null,1), 
(59238,"2022-8-19",19,2,4,0,4,15,null,1), 
(60992,"2022-8-27",20,2,3,2,4,1,null,1), 
(61722,"2022-9-17",21,2,0,0,1,5,null,1), 
(54795,"2022-8-10",22,2,3,3,4,7,null,1), 
(50906,"2022-7-10",23,2,3,0,2,2,null,1), 
(62711,"2022-8-29",24,2,4,0,3,1,null,1), 
(52642,"2022-8-17",25,2,3,1,2,10,null,1), 
(56510,"2022-12-16",26,2,5,1,2,14,null,1), 
(70351,"2022-6-15",27,2,5,1,4,2,null,1), 
(62838,"2022-10-3",28,2,4,1,3,3,null,1), 
(75018,"2022-11-6",29,2,0,0,1,5,null,1), 
(58891,"2022-9-16",30,2,4,1,4,13,null,1), 
(59400,"2022-10-29",31,2,4,1,3,12,null,1), 
(74828,"2022-9-20",32,2,3,0,2,14,null,1), 
(51380,"2022-6-19",33,2,4,0,4,6,null,1), 
(52174,"2022-8-24",34,2,4,1,3,14,null,1), 
(53949,"2022-5-1",35,2,0,0,1,9,null,1), 
(59826,"2022-7-28",36,2,4,2,3,3,null,1), 
(60468,"2022-11-18",37,2,4,2,4,9,null,1), 
(51823,"2022-11-16",1,3,0,0,1,9,null,1), 
(56117,"2022-8-4",2,3,0,0,1,11,null,1), 
(65785,"2022-6-8",4,3,5,0,3,8,null,1), 
(55330,"2022-9-27",5,3,5,1,4,4,null,1), 
(61207,"2022-6-29",6,3,5,2,4,2,null,1), 
(54291,"2022-5-22",7,3,5,2,2,6,null,1), 
(54979,"2022-12-28",8,3,0,0,1,15,null,1), 
(57758,"2022-12-30",9,3,5,0,4,4,null,1), 
(62120,"2022-5-30",10,3,3,0,2,7,null,1), 
(62934,"2022-8-9",11,3,0,0,1,13,null,1), 
(50851,"2022-11-15",12,3,5,4,4,4,null,1), 
(55048,"2022-10-16",13,3,4,4,2,13,null,1), 
(72361,"2022-8-4",14,3,5,5,2,10,null,1), 
(51025,"2022-11-24",15,3,0,0,1,7,null,1), 
(55616,"2022-12-21",16,3,4,0,2,15,null,1), 
(59695,"2022-6-6",17,3,3,2,4,12,null,1), 
(71024,"2022-10-27",18,3,4,2,3,6,null,1), 
(78073,"2022-7-13",19,3,3,1,3,15,null,1), 
(51378,"2022-7-12",20,3,4,2,2,12,null,1), 
(69533,"2022-5-27",21,3,5,4,4,8,null,1), 
(67405,"2022-10-24",22,3,0,0,1,14,null,1), 
(68558,"2022-9-25",23,3,3,2,3,14,null,1), 
(73563,"2022-5-23",24,3,0,0,1,13,null,1), 
(66628,"2022-6-5",25,3,3,0,4,10,null,1), 
(59350,"2022-8-21",26,3,0,0,1,15,null,1), 
(51331,"2022-10-28",27,3,0,0,1,9,null,1), 
(64889,"2022-9-5",28,3,5,1,3,12,null,1), 
(59212,"2022-9-10",29,3,4,1,2,1,null,1), 
(55720,"2022-9-29",30,3,3,0,3,12,null,1), 
(76625,"2022-10-1",31,3,3,0,4,2,null,1), 
(60880,"2022-8-5",32,3,0,0,1,4,null,1), 
(52606,"2022-9-9",33,3,3,1,4,11,null,1), 
(56802,"2022-6-11",34,3,0,0,1,2,null,1), 
(71330,"2022-6-16",35,3,4,5,2,14,null,1), 
(54625,"2022-7-7",36,3,0,0,1,12,null,1), 
(51500,"2022-12-7",37,3,0,0,1,5,null,1), 
(79653,"2022-6-9",1,4,0,3,4,15,null,1), 
(72391,"2022-11-1",2,4,0,0,1,14,null,1), 
(75402,"2022-8-12",3,4,0,4,4,7,null,1), 
(79525,"2022-5-12",5,4,0,0,4,12,null,1), 
(50546,"2022-8-25",6,4,0,0,3,7,null,1), 
(78239,"2022-9-3",7,4,0,0,1,5,null,1), 
(51316,"2022-5-28",8,4,2,2,2,12,null,1), 
(57848,"2022-7-4",9,4,2,1,4,6,null,1), 
(75020,"2022-5-26",10,4,2,1,4,12,null,1), 
(79998,"2022-6-24",11,4,1,5,3,8,null,1), 
(53251,"2022-6-9",12,4,1,5,2,4,null,1), 
(50928,"2022-11-5",13,4,2,4,2,12,null,1), 
(55060,"2022-8-26",14,4,0,0,1,11,null,1), 
(78993,"2022-9-7",15,4,1,4,3,9,null,1), 
(62827,"2022-8-18",16,4,1,0,3,6,null,1), 
(55334,"2022-11-29",17,4,1,1,4,8,null,1), 
(56682,"2022-7-14",18,4,1,0,3,11,null,1), 
(60635,"2022-6-21",19,4,2,2,3,5,null,1), 
(69059,"2022-6-13",20,4,0,0,1,14,null,1), 
(75257,"2022-7-21",21,4,0,0,1,12,null,1), 
(56063,"2022-7-23",22,4,2,5,3,12,null,1), 
(79249,"2022-12-18",23,4,0,1,3,1,null,1), 
(50134,"2022-5-13",24,4,2,2,4,3,null,1), 
(52125,"2022-6-19",25,4,0,2,3,2,null,1), 
(75413,"2022-5-22",26,4,2,2,2,8,null,1), 
(77837,"2022-5-10",27,4,0,0,1,8,null,1), 
(70797,"2022-11-6",28,4,0,2,2,1,null,1), 
(56457,"2022-7-22",29,4,1,0,3,15,null,1), 
(79577,"2022-6-16",30,4,2,2,2,5,null,1), 
(64798,"2022-12-11",31,4,1,1,4,10,null,1), 
(57130,"2022-11-14",32,4,0,1,4,3,null,1), 
(74765,"2022-10-30",33,4,1,2,2,5,null,1), 
(57279,"2022-12-30",34,4,0,1,2,8,null,1), 
(64622,"2022-6-30",35,4,0,0,1,11,null,1), 
(55898,"2022-9-25",36,4,2,2,3,2,null,1), 
(58956,"2022-7-18",37,4,2,0,4,11,null,1), 
(57076,"2022-9-29",1,5,0,3,3,13,null,1), 
(56328,"2022-8-7",2,5,2,4,2,14,null,1), 
(65645,"2022-5-24",3,5,0,5,4,11,null,1), 
(67048,"2022-6-6",4,5,2,2,4,14,null,1), 
(73289,"2022-12-15",6,5,2,0,4,10,null,1), 
(50032,"2022-6-26",7,5,0,0,1,15,null,1), 
(77897,"2022-11-8",8,5,1,1,2,2,null,1), 
(63997,"2022-8-14",9,5,0,2,2,2,null,1), 
(79973,"2022-12-20",10,5,1,1,3,14,null,1), 
(67686,"2022-6-26",11,5,1,4,4,7,null,1), 
(60843,"2022-11-22",12,5,2,5,2,5,null,1), 
(57608,"2022-7-1",13,5,0,0,1,2,null,1), 
(51701,"2022-9-18",14,5,0,3,3,14,null,1), 
(75608,"2022-10-30",15,5,0,0,1,14,null,1), 
(60310,"2022-8-27",16,5,1,1,4,13,null,1), 
(51730,"2022-7-21",17,5,0,0,1,8,null,1), 
(77099,"2022-11-26",18,5,2,2,2,2,null,1), 
(52650,"2022-12-7",19,5,1,0,2,14,null,1), 
(59138,"2022-10-15",20,5,1,0,2,12,null,1), 
(69338,"2022-10-5",21,5,2,5,2,14,null,1), 
(71421,"2022-7-16",22,5,2,4,4,14,null,1), 
(56963,"2022-5-13",23,5,0,1,2,1,null,1), 
(78817,"2022-7-10",24,5,0,0,4,5,null,1), 
(57288,"2022-11-28",25,5,2,2,4,11,null,1), 
(64305,"2022-7-5",26,5,0,1,3,14,null,1), 
(58461,"2022-10-24",27,5,2,2,4,1,null,1), 
(69540,"2022-9-11",28,5,0,0,3,15,null,1), 
(62342,"2022-5-6",29,5,1,2,4,9,null,1), 
(69780,"2022-7-8",30,5,1,2,3,5,null,1), 
(69544,"2022-7-23",31,5,2,2,2,15,null,1), 
(73804,"2022-9-17",32,5,0,0,1,14,null,1), 
(51616,"2022-10-4",33,5,2,2,2,5,null,1), 
(73174,"2022-12-30",34,5,1,1,3,3,null,1), 
(77553,"2022-7-1",35,5,2,3,4,13,null,1), 
(73155,"2022-12-20",36,5,1,0,3,5,null,1), 
(64202,"2022-9-4",37,5,1,1,3,13,null,1), 
(61791,"2022-5-28",1,6,0,0,1,2,null,1), 
(61339,"2022-6-12",2,6,1,3,4,15,null,1), 
(75297,"2022-7-3",3,6,0,0,1,3,null,1), 
(54799,"2022-10-7",4,6,0,0,3,11,null,1), 
(61115,"2022-6-24",5,6,0,0,4,9,null,1), 
(77309,"2022-6-7",7,6,0,0,2,7,null,1), 
(72197,"2022-11-25",8,6,0,0,1,13,null,1), 
(63977,"2022-7-12",9,6,2,0,3,13,null,1), 
(56564,"2022-8-17",10,6,2,2,2,12,null,1), 
(62263,"2022-5-25",11,6,1,3,4,2,null,1), 
(54157,"2022-12-22",12,6,0,0,1,9,null,1), 
(68976,"2022-6-4",13,6,2,3,2,4,null,1), 
(64352,"2022-7-5",14,6,1,4,2,12,null,1), 
(78588,"2022-7-18",15,6,0,4,2,7,null,1), 
(74581,"2022-9-30",16,6,1,0,4,4,null,1), 
(72879,"2022-12-3",17,6,1,1,4,7,null,1), 
(69639,"2022-8-6",18,6,1,0,3,13,null,1), 
(74316,"2022-5-27",19,6,0,0,1,7,null,1), 
(56345,"2022-10-24",20,6,0,0,3,9,null,1), 
(56385,"2022-11-28",21,6,0,5,2,12,null,1), 
(56516,"2022-11-13",22,6,1,4,4,9,null,1), 
(67380,"2022-8-13",23,6,0,1,3,10,null,1), 
(66985,"2022-7-2",24,6,0,0,1,7,null,1), 
(70201,"2022-5-7",25,6,1,1,2,9,null,1), 
(66163,"2022-8-6",26,6,1,0,3,15,null,1), 
(66553,"2022-9-11",27,6,2,1,2,5,null,1), 
(61626,"2022-6-10",28,6,1,2,3,11,null,1), 
(57920,"2022-5-14",29,6,2,2,2,2,null,1), 
(54002,"2022-6-27",30,6,0,2,4,14,null,1), 
(56874,"2022-8-7",31,6,2,0,3,5,null,1), 
(57931,"2022-6-1",32,6,0,0,1,8,null,1), 
(54232,"2022-6-18",33,6,1,1,4,12,null,1), 
(70243,"2022-8-1",34,6,1,2,3,9,null,1), 
(72518,"2022-11-30",35,6,0,5,3,9,null,1), 
(70921,"2022-6-3",36,6,1,0,4,1,null,1), 
(50766,"2022-11-21",37,6,2,2,2,11,null,1), 
(69484,"2022-9-9",1,7,0,3,4,9,null,1), 
(75921,"2022-12-4",2,7,2,3,3,7,null,1), 
(50414,"2022-12-9",3,7,0,0,1,14,null,1), 
(51878,"2022-10-22",4,7,2,0,2,6,null,1), 
(58061,"2022-11-24",5,7,0,0,2,8,null,1), 
(54747,"2022-10-24",6,7,0,0,3,13,null,1), 
(65444,"2022-6-16",8,7,0,1,2,4,null,1), 
(60051,"2022-5-1",9,7,2,2,3,2,null,1), 
(68799,"2022-6-18",10,7,0,0,1,12,null,1), 
(57958,"2022-10-24",11,7,0,0,1,10,null,1), 
(69822,"2022-11-23",12,7,0,0,1,2,null,1), 
(65595,"2022-12-12",13,7,0,0,1,2,null,1), 
(74412,"2022-10-6",14,7,0,4,2,3,null,1), 
(66250,"2022-5-18",15,7,2,4,3,2,null,1), 
(52072,"2022-6-11",16,7,0,0,1,6,null,1), 
(51586,"2022-10-20",17,7,2,2,4,14,null,1), 
(63782,"2022-10-22",18,7,2,1,3,6,null,1), 
(69710,"2022-12-15",19,7,0,0,2,13,null,1), 
(68535,"2022-9-17",20,7,0,2,3,15,null,1), 
(69480,"2022-10-20",21,7,1,4,4,12,null,1), 
(75571,"2022-9-4",22,7,2,3,2,5,null,1), 
(51218,"2022-10-3",23,7,1,2,4,5,null,1), 
(73646,"2022-11-5",24,7,0,0,1,10,null,1), 
(75896,"2022-8-13",25,7,2,2,2,15,null,1), 
(73306,"2022-10-10",26,7,0,0,1,1,null,1), 
(65950,"2022-11-9",27,7,1,2,2,14,null,1), 
(76597,"2022-5-12",28,7,0,0,1,5,null,1), 
(70562,"2022-6-30",29,7,0,0,1,8,null,1), 
(68865,"2022-6-4",30,7,2,2,3,14,null,1), 
(56759,"2022-12-1",31,7,0,0,1,12,null,1), 
(73194,"2022-9-17",32,7,0,0,1,3,null,1), 
(71381,"2022-9-24",33,7,0,0,1,14,null,1), 
(55543,"2022-6-4",34,7,0,0,1,3,null,1), 
(77827,"2022-6-5",35,7,0,5,2,13,null,1), 
(63226,"2022-8-6",36,7,1,0,3,10,null,1), 
(65119,"2022-8-18",37,7,0,0,2,2,null,1), 
(60929,"2022-5-27",1,8,2,5,3,1,null,1), 
(58780,"2022-11-13",2,8,0,3,2,6,null,1), 
(67302,"2022-9-15",3,8,0,0,1,2,null,1), 
(78376,"2022-9-24",4,8,1,0,4,15,null,1), 
(66030,"2022-5-4",5,8,1,1,2,4,null,1), 
(75449,"2022-5-10",6,8,0,0,1,12,null,1), 
(55624,"2022-7-24",7,8,0,0,1,10,null,1), 
(67978,"2022-11-19",9,8,1,0,4,2,null,1), 
(61467,"2022-10-13",10,8,1,1,2,6,null,1), 
(61385,"2022-10-22",11,8,0,5,2,15,null,1), 
(73361,"2022-7-4",12,8,1,5,3,9,null,1), 
(55800,"2022-12-16",13,8,0,0,1,13,null,1), 
(78440,"2022-7-9",14,8,0,0,1,15,null,1), 
(51978,"2022-5-12",15,8,1,3,2,3,null,1), 
(66204,"2022-11-19",16,8,1,2,3,3,null,1), 
(61958,"2022-12-27",17,8,2,2,4,15,null,1), 
(78835,"2022-10-12",18,8,1,0,2,12,null,1), 
(53760,"2022-12-13",19,8,1,0,3,6,null,1), 
(53102,"2022-6-11",20,8,2,2,4,11,null,1), 
(55914,"2022-7-15",21,8,0,5,3,5,null,1), 
(68277,"2022-10-10",22,8,1,4,3,4,null,1), 
(59352,"2022-5-23",23,8,1,2,4,1,null,1), 
(58983,"2022-11-25",24,8,1,1,3,6,null,1), 
(69631,"2022-8-3",25,8,0,0,1,13,null,1), 
(61009,"2022-10-5",26,8,1,0,3,10,null,1), 
(62457,"2022-6-10",27,8,0,0,3,9,null,1), 
(79601,"2022-9-11",28,8,0,1,2,7,null,1), 
(62653,"2022-10-18",29,8,1,2,3,5,null,1), 
(62953,"2022-8-21",30,8,1,1,2,4,null,1), 
(77211,"2022-12-30",31,8,0,0,1,10,null,1), 
(62005,"2022-9-9",32,8,0,0,1,1,null,1), 
(75503,"2022-5-24",33,8,0,0,3,5,null,1), 
(55205,"2022-12-6",34,8,2,2,3,9,null,1), 
(64081,"2022-7-13",35,8,0,5,2,2,null,1), 
(70094,"2022-5-21",36,8,0,0,1,9,null,1), 
(57830,"2022-9-19",37,8,0,0,1,6,null,1), 
(68075,"2022-7-16",1,9,2,5,4,1,null,1), 
(54032,"2022-9-5",2,9,0,4,4,14,null,1), 
(68449,"2022-10-1",3,9,1,3,4,15,null,1), 
(61696,"2022-10-12",4,9,2,0,2,9,null,1), 
(52695,"2022-12-30",5,9,0,0,1,1,null,1), 
(75486,"2022-12-10",6,9,0,1,3,7,null,1), 
(74598,"2022-8-2",7,9,2,1,2,10,null,1), 
(61100,"2022-6-14",8,9,2,0,3,8,null,1), 
(77729,"2022-7-25",10,9,1,2,4,6,null,1), 
(57152,"2022-7-9",11,9,2,3,3,9,null,1), 
(53358,"2022-8-3",12,9,2,3,4,3,null,1), 
(72681,"2022-7-22",13,9,1,3,4,8,null,1), 
(59607,"2022-5-2",14,9,0,5,2,3,null,1), 
(76133,"2022-10-30",15,9,2,4,4,4,null,1), 
(66092,"2022-11-23",16,9,1,0,2,14,null,1), 
(50854,"2022-11-5",17,9,0,0,1,11,null,1), 
(60196,"2022-9-17",18,9,0,0,1,12,null,1), 
(52791,"2022-9-12",19,9,1,1,3,10,null,1), 
(58997,"2022-8-5",20,9,0,0,3,13,null,1), 
(70040,"2022-6-26",21,9,0,5,3,5,null,1), 
(53702,"2022-12-6",22,9,0,0,1,15,null,1), 
(54252,"2022-12-24",23,9,0,0,3,12,null,1), 
(77135,"2022-11-29",24,9,2,2,3,6,null,1), 
(74055,"2022-9-3",25,9,2,0,4,2,null,1), 
(51556,"2022-10-20",26,9,2,0,2,6,null,1), 
(55684,"2022-12-13",27,9,0,2,4,1,null,1), 
(50312,"2022-10-4",28,9,0,0,1,15,null,1), 
(72819,"2022-9-10",29,9,1,2,2,6,null,1), 
(50922,"2022-8-23",30,9,0,0,4,3,null,1), 
(77681,"2022-5-4",31,9,2,2,2,2,null,1), 
(58601,"2022-11-17",32,9,0,2,3,1,null,1), 
(79356,"2022-11-13",33,9,2,1,2,10,null,1), 
(54036,"2022-9-10",34,9,1,0,3,8,null,1), 
(75621,"2022-5-10",35,9,0,4,2,14,null,1), 
(69524,"2022-10-15",36,9,1,0,3,10,null,1), 
(78846,"2022-6-6",37,9,0,0,4,10,null,1), 
(76589,"2022-5-22",1,10,0,0,1,13,null,1), 
(62583,"2022-8-16",2,10,1,4,3,12,null,1), 
(50784,"2022-9-18",3,10,1,5,4,10,null,1), 
(71567,"2022-7-5",4,10,0,0,3,14,null,1), 
(51542,"2022-11-29",5,10,1,2,3,8,null,1), 
(71886,"2022-8-28",6,10,1,2,3,15,null,1), 
(53203,"2022-12-12",7,10,0,0,1,7,null,1), 
(54376,"2022-10-16",8,10,0,0,1,9,null,1), 
(72527,"2022-7-7",9,10,1,1,4,3,null,1), 
(53456,"2022-6-11",11,10,2,5,4,10,null,1), 
(68639,"2022-7-30",12,10,1,3,2,15,null,1), 
(66116,"2022-9-13",13,10,1,3,2,11,null,1), 
(79018,"2022-10-17",14,10,1,4,3,14,null,1), 
(64757,"2022-6-19",15,10,2,4,4,5,null,1), 
(56740,"2022-8-23",16,10,2,0,3,15,null,1), 
(76643,"2022-7-30",17,10,0,0,1,1,null,1), 
(51865,"2022-6-26",18,10,1,1,2,5,null,1), 
(60136,"2022-9-24",19,10,0,0,1,2,null,1), 
(67776,"2022-7-8",20,10,1,0,4,3,null,1), 
(78126,"2022-8-11",21,10,2,3,4,4,null,1), 
(69054,"2022-12-24",22,10,2,5,3,4,null,1), 
(62438,"2022-12-3",23,10,2,1,2,7,null,1), 
(53294,"2022-12-23",24,10,2,1,2,3,null,1), 
(71135,"2022-12-4",25,10,0,2,4,2,null,1), 
(61943,"2022-10-9",26,10,2,0,4,9,null,1), 
(74694,"2022-12-18",27,10,0,0,2,15,null,1), 
(55793,"2022-5-10",28,10,1,2,3,10,null,1), 
(72950,"2022-10-4",29,10,0,0,1,1,null,1), 
(69692,"2022-12-8",30,10,0,0,1,2,null,1), 
(55489,"2022-7-5",31,10,2,0,4,12,null,1), 
(63432,"2022-8-15",32,10,0,2,3,7,null,1), 
(76532,"2022-5-12",33,10,0,0,1,1,null,1), 
(65634,"2022-7-16",34,10,0,0,2,4,null,1), 
(56903,"2022-9-2",35,10,1,4,3,14,null,1), 
(50020,"2022-6-20",36,10,1,0,2,11,null,1), 
(53032,"2022-10-26",37,10,0,0,2,10,null,1), 
(68750,"2022-9-9",1,11,4,4,3,8,null,1), 
(52307,"2022-8-26",2,11,5,4,4,5,null,1), 
(79744,"2022-6-9",3,11,4,3,3,11,null,1), 
(61016,"2022-8-9",4,11,5,2,4,10,null,1), 
(79936,"2022-5-1",5,11,3,2,2,13,null,1), 
(69811,"2022-10-29",6,11,4,1,2,4,null,1), 
(73748,"2022-7-10",7,11,0,0,1,10,null,1), 
(52735,"2022-6-11",8,11,5,0,3,7,null,1), 
(64417,"2022-11-4",9,11,3,0,3,8,null,1), 
(77500,"2022-9-1",10,11,5,2,2,5,null,1), 
(74249,"2022-5-7",12,11,5,5,2,13,null,1), 
(72792,"2022-9-30",13,11,4,5,2,8,null,1), 
(53278,"2022-5-30",14,11,0,0,1,2,null,1), 
(57045,"2022-12-20",15,11,5,3,4,13,null,1), 
(54552,"2022-10-16",16,11,5,2,2,10,null,1), 
(63652,"2022-7-22",17,11,4,0,4,15,null,1), 
(62805,"2022-10-25",18,11,5,2,4,9,null,1), 
(69439,"2022-10-10",19,11,3,1,2,3,null,1), 
(54087,"2022-6-18",20,11,3,1,4,13,null,1), 
(70078,"2022-5-25",21,11,5,3,4,4,null,1), 
(56856,"2022-12-14",22,11,0,0,1,11,null,1), 
(75992,"2022-7-16",23,11,4,2,4,8,null,1), 
(70832,"2022-7-7",24,11,5,2,2,8,null,1), 
(53085,"2022-12-16",25,11,3,0,2,15,null,1), 
(72924,"2022-6-4",26,11,5,1,2,3,null,1), 
(72949,"2022-9-25",27,11,5,2,3,3,null,1), 
(63908,"2022-11-21",28,11,4,2,3,2,null,1), 
(75855,"2022-11-18",29,11,4,2,4,3,null,1), 
(60300,"2022-12-30",30,11,4,0,4,14,null,1), 
(67300,"2022-8-14",31,11,3,1,2,6,null,1), 
(72513,"2022-8-9",32,11,3,0,2,9,null,1), 
(79960,"2022-10-26",33,11,0,0,1,5,null,1), 
(52380,"2022-7-3",34,11,4,0,4,9,null,1), 
(66495,"2022-9-18",35,11,4,3,3,14,null,1), 
(60754,"2022-11-17",36,11,5,0,4,13,null,1), 
(50287,"2022-11-4",37,11,0,0,1,12,null,1), 
(67428,"2022-10-25",1,12,3,5,3,14,null,1), 
(62558,"2022-10-14",2,12,5,5,2,15,null,1), 
(76702,"2022-7-7",3,12,5,4,2,6,null,1), 
(72019,"2022-7-25",4,12,4,2,2,6,null,1), 
(69112,"2022-6-15",5,12,4,2,3,2,null,1), 
(63421,"2022-8-15",6,12,3,2,3,11,null,1), 
(77893,"2022-9-30",7,12,5,0,2,2,null,1), 
(73009,"2022-6-9",8,12,3,2,4,8,null,1), 
(62803,"2022-7-20",9,12,0,0,1,3,null,1), 
(58203,"2022-11-24",10,12,0,0,1,5,null,1), 
(56289,"2022-11-2",11,12,3,4,3,6,null,1), 
(62021,"2022-7-16",13,12,3,4,2,2,null,1), 
(67198,"2022-12-20",14,12,5,5,2,3,null,1), 
(57030,"2022-11-7",15,12,4,3,2,5,null,1), 
(60817,"2022-7-3",16,12,4,0,2,8,null,1), 
(79112,"2022-7-28",17,12,4,2,2,11,null,1), 
(66064,"2022-5-23",18,12,3,2,2,2,null,1), 
(51197,"2022-7-17",19,12,4,0,2,5,null,1), 
(76642,"2022-7-21",20,12,3,0,4,7,null,1), 
(53860,"2022-9-5",21,12,0,0,1,8,null,1), 
(54562,"2022-7-12",22,12,4,3,2,2,null,1), 
(50848,"2022-8-25",23,12,0,0,1,2,null,1), 
(76895,"2022-8-21",24,12,0,0,1,6,null,1), 
(60776,"2022-9-24",25,12,5,0,4,14,null,1), 
(54810,"2022-12-28",26,12,4,0,2,10,null,1), 
(76697,"2022-10-5",27,12,3,0,2,6,null,1), 
(58213,"2022-5-9",28,12,4,2,4,13,null,1), 
(54566,"2022-7-18",29,12,3,1,4,2,null,1), 
(67080,"2022-5-23",30,12,0,0,1,1,null,1), 
(71321,"2022-5-21",31,12,0,0,1,11,null,1), 
(76118,"2022-11-2",32,12,4,2,3,12,null,1), 
(56329,"2022-7-4",33,12,0,0,1,2,null,1), 
(64338,"2022-11-27",34,12,0,0,1,9,null,1), 
(50544,"2022-6-15",35,12,5,4,3,7,null,1), 
(70920,"2022-7-4",36,12,3,1,3,3,null,1), 
(61181,"2022-9-6",37,12,5,2,2,14,null,1), 
(65031,"2022-11-13",1,13,4,3,2,12,null,1), 
(62066,"2022-5-30",2,13,5,5,4,6,null,1), 
(62547,"2022-11-26",3,13,4,3,4,5,null,1), 
(75732,"2022-7-15",4,13,0,0,1,2,null,1), 
(74732,"2022-9-15",5,13,5,1,4,4,null,1), 
(62285,"2022-9-23",6,13,4,1,3,13,null,1), 
(70984,"2022-11-18",7,13,4,2,4,7,null,1), 
(68080,"2022-8-24",8,13,3,1,4,8,null,1), 
(53293,"2022-9-26",9,13,4,1,3,7,null,1), 
(68158,"2022-10-9",10,13,3,2,2,7,null,1), 
(57222,"2022-9-12",11,13,5,5,3,3,null,1), 
(62567,"2022-12-15",12,13,0,0,1,13,null,1), 
(74605,"2022-6-13",14,13,3,3,3,9,null,1), 
(63701,"2022-6-4",15,13,5,4,3,15,null,1), 
(50320,"2022-7-29",16,13,4,1,2,4,null,1), 
(75091,"2022-6-27",17,13,4,0,4,15,null,1), 
(71457,"2022-11-18",18,13,4,2,2,5,null,1), 
(62881,"2022-12-28",19,13,3,2,4,10,null,1), 
(69647,"2022-12-13",20,13,4,1,4,1,null,1), 
(68493,"2022-7-28",21,13,5,4,2,10,null,1), 
(50183,"2022-11-26",22,13,3,3,3,8,null,1), 
(62475,"2022-9-12",23,13,0,0,1,2,null,1), 
(50264,"2022-8-26",24,13,4,2,3,5,null,1), 
(56104,"2022-5-24",25,13,0,0,1,5,null,1), 
(55249,"2022-6-4",26,13,5,1,4,13,null,1), 
(67535,"2022-10-12",27,13,3,1,3,3,null,1), 
(54709,"2022-10-22",28,13,3,2,2,8,null,1), 
(69779,"2022-6-1",29,13,3,0,2,7,null,1), 
(60498,"2022-8-4",30,13,4,1,2,10,null,1), 
(62780,"2022-9-28",31,13,0,0,1,7,null,1), 
(70872,"2022-8-4",32,13,3,0,2,8,null,1), 
(62690,"2022-7-1",33,13,0,0,1,2,null,1), 
(58574,"2022-8-4",34,13,3,2,3,8,null,1), 
(68310,"2022-12-4",35,13,3,4,4,10,null,1), 
(53413,"2022-7-10",36,13,3,1,4,6,null,1), 
(58546,"2022-12-21",37,13,0,0,1,1,null,1), 
(63593,"2022-8-26",1,14,3,3,3,6,null,1), 
(71627,"2022-8-20",2,14,3,5,3,11,null,1), 
(73852,"2022-12-23",3,14,0,0,1,14,null,1), 
(76902,"2022-10-6",4,14,4,0,3,11,null,1), 
(67762,"2022-8-17",5,14,4,0,4,11,null,1), 
(79373,"2022-6-17",6,14,5,2,2,6,null,1), 
(65752,"2022-10-16",7,14,5,1,2,2,null,1), 
(77696,"2022-9-3",8,14,4,0,4,13,null,1), 
(75563,"2022-11-3",9,14,3,0,4,14,null,1), 
(74393,"2022-11-2",10,14,0,0,1,1,null,1), 
(63382,"2022-11-5",11,14,5,5,3,9,null,1), 
(75434,"2022-8-17",12,14,5,4,3,13,null,1), 
(70795,"2022-6-20",13,14,5,5,3,9,null,1), 
(64039,"2022-8-4",15,14,5,5,3,2,null,1), 
(60782,"2022-6-4",16,14,5,0,3,4,null,1), 
(67386,"2022-8-15",17,14,4,0,3,15,null,1), 
(73891,"2022-11-28",18,14,3,0,3,14,null,1), 
(57872,"2022-10-6",19,14,3,2,3,1,null,1), 
(72340,"2022-11-16",20,14,5,2,4,11,null,1), 
(54692,"2022-10-30",21,14,5,4,4,3,null,1), 
(58952,"2022-11-15",22,14,5,3,2,9,null,1), 
(61365,"2022-10-12",23,14,0,0,1,9,null,1), 
(75095,"2022-12-19",24,14,4,0,3,4,null,1), 
(58461,"2022-12-18",25,14,3,2,3,9,null,1), 
(65988,"2022-12-17",26,14,3,1,4,15,null,1), 
(55413,"2022-5-9",27,14,4,0,2,12,null,1), 
(53078,"2022-11-14",28,14,0,0,1,9,null,1), 
(54676,"2022-9-9",29,14,3,0,2,11,null,1), 
(70010,"2022-5-24",30,14,4,2,2,15,null,1), 
(67480,"2022-7-20",31,14,5,1,2,6,null,1), 
(77412,"2022-8-3",32,14,4,2,4,13,null,1), 
(68675,"2022-5-21",33,14,5,2,4,3,null,1), 
(67087,"2022-6-1",34,14,3,0,2,11,null,1), 
(57832,"2022-12-29",35,14,5,3,4,9,null,1), 
(64733,"2022-11-8",36,14,3,1,4,15,null,1), 
(56810,"2022-10-29",37,14,0,0,1,8,null,1), 
(76938,"2022-10-27",1,15,5,5,2,4,null,1), 
(52849,"2022-8-14",2,15,5,4,4,12,null,1), 
(72429,"2022-6-24",3,15,0,0,1,5,null,1), 
(60141,"2022-8-15",4,15,0,0,1,3,null,1), 
(74369,"2022-9-7",5,15,0,0,1,6,null,1), 
(63518,"2022-11-22",6,15,3,0,2,15,null,1), 
(65486,"2022-7-1",7,15,3,1,2,4,null,1), 
(76657,"2022-11-14",8,15,3,0,2,12,null,1), 
(63977,"2022-9-2",9,15,5,2,2,11,null,1), 
(74700,"2022-9-23",10,15,4,0,3,5,null,1), 
(59999,"2022-10-24",11,15,5,4,4,15,null,1), 
(55803,"2022-12-13",12,15,3,3,3,6,null,1), 
(51449,"2022-7-6",13,15,0,0,1,13,null,1), 
(79321,"2022-12-8",14,15,4,4,2,13,null,1), 
(75320,"2022-12-5",16,15,0,0,1,3,null,1), 
(69720,"2022-11-29",17,15,0,0,1,8,null,1), 
(56039,"2022-11-3",18,15,3,2,2,12,null,1), 
(54356,"2022-6-14",19,15,3,0,3,12,null,1), 
(75522,"2022-9-7",20,15,3,2,2,2,null,1), 
(54771,"2022-10-12",21,15,3,3,3,8,null,1), 
(50569,"2022-12-26",22,15,3,4,4,9,null,1), 
(50419,"2022-5-22",23,15,0,0,1,8,null,1), 
(51858,"2022-10-2",24,15,5,1,4,13,null,1), 
(68163,"2022-7-23",25,15,0,0,1,3,null,1), 
(71579,"2022-11-25",26,15,3,2,2,7,null,1), 
(67660,"2022-10-9",27,15,4,2,4,9,null,1), 
(53747,"2022-10-3",28,15,5,2,3,4,null,1), 
(76125,"2022-11-20",29,15,4,2,2,2,null,1), 
(76471,"2022-10-12",30,15,0,0,1,3,null,1), 
(60553,"2022-7-13",31,15,3,2,4,12,null,1), 
(58753,"2022-6-28",32,15,5,1,3,1,null,1), 
(52364,"2022-11-21",33,15,3,0,4,1,null,1), 
(57150,"2022-10-5",34,15,5,0,4,5,null,1), 
(71949,"2022-9-8",35,15,4,5,4,14,null,1), 
(65546,"2022-7-3",36,15,0,0,1,10,null,1), 
(66839,"2022-12-18",37,15,5,1,4,13,null,1), 
(76149,"2022-5-20",1,16,1,4,2,1,null,1), 
(50150,"2022-10-30",2,16,2,4,2,15,null,1), 
(68293,"2022-11-25",3,16,0,0,1,8,null,1), 
(61190,"2022-9-20",4,16,2,2,2,1,null,1), 
(61696,"2022-5-27",5,16,0,2,4,9,null,1), 
(60666,"2022-8-25",6,16,2,1,4,10,null,1), 
(79782,"2022-9-19",7,16,0,0,1,11,null,1), 
(66302,"2022-9-6",8,16,1,1,3,6,null,1), 
(66784,"2022-6-17",9,16,2,1,2,12,null,1), 
(65471,"2022-12-27",10,16,0,0,1,4,null,1), 
(79352,"2022-11-8",11,16,1,5,4,6,null,1), 
(73826,"2022-8-16",12,16,2,5,3,14,null,1), 
(69083,"2022-7-25",13,16,0,0,1,15,null,1), 
(70746,"2022-10-11",14,16,2,3,3,13,null,1), 
(56449,"2022-12-4",15,16,1,3,2,15,null,1), 
(57401,"2022-7-3",17,16,2,1,3,13,null,1), 
(60569,"2022-11-18",18,16,1,1,4,5,null,1), 
(59571,"2022-8-11",19,16,2,1,2,3,null,1), 
(66478,"2022-9-21",20,16,2,0,3,14,null,1), 
(63599,"2022-9-19",21,16,0,0,1,8,null,1), 
(77230,"2022-11-21",22,16,0,3,2,7,null,1), 
(73641,"2022-5-21",23,16,0,0,1,10,null,1), 
(67839,"2022-5-19",24,16,0,0,1,13,null,1), 
(71882,"2022-12-23",25,16,0,2,2,11,null,1), 
(53304,"2022-8-30",26,16,2,0,2,8,null,1), 
(75405,"2022-5-28",27,16,2,2,2,1,null,1), 
(79119,"2022-12-20",28,16,2,0,3,14,null,1), 
(63263,"2022-11-10",29,16,1,0,3,10,null,1), 
(67870,"2022-5-4",30,16,1,1,3,4,null,1), 
(72922,"2022-12-6",31,16,1,1,4,5,null,1), 
(58757,"2022-12-21",32,16,0,0,1,10,null,1), 
(73969,"2022-11-3",33,16,1,1,4,6,null,1), 
(67400,"2022-12-30",34,16,0,0,1,11,null,1), 
(51579,"2022-7-18",35,16,1,3,3,15,null,1), 
(54430,"2022-12-16",36,16,0,0,1,10,null,1), 
(78034,"2022-8-27",37,16,0,1,3,11,null,1), 
(79797,"2022-8-15",1,17,0,4,3,15,null,1), 
(66709,"2022-12-26",2,17,1,3,4,11,null,1), 
(60942,"2022-7-20",3,17,1,3,4,13,null,1), 
(64961,"2022-7-19",4,17,2,2,4,14,null,1), 
(77453,"2022-10-27",5,17,0,1,3,13,null,1), 
(71645,"2022-9-1",6,17,0,0,1,13,null,1), 
(60858,"2022-5-13",7,17,0,0,1,13,null,1), 
(72734,"2022-5-8",8,17,2,0,2,1,null,1), 
(70226,"2022-6-26",9,17,2,1,2,15,null,1), 
(77298,"2022-10-7",10,17,2,1,3,6,null,1), 
(76346,"2022-11-8",11,17,0,0,1,4,null,1), 
(55523,"2022-10-4",12,17,0,0,1,5,null,1), 
(79688,"2022-12-28",13,17,0,5,3,13,null,1), 
(78348,"2022-8-1",14,17,0,3,4,8,null,1), 
(50609,"2022-9-1",15,17,2,4,2,8,null,1), 
(62927,"2022-11-16",16,17,2,2,2,13,null,1), 
(74497,"2022-7-4",18,17,0,0,1,11,null,1), 
(64445,"2022-9-5",19,17,2,0,3,6,null,1), 
(69575,"2022-11-15",20,17,2,2,3,11,null,1), 
(54047,"2022-12-15",21,17,1,5,3,12,null,1), 
(61382,"2022-6-1",22,17,0,0,1,1,null,1), 
(55152,"2022-11-22",23,17,1,1,2,12,null,1), 
(75611,"2022-7-21",24,17,1,1,4,14,null,1), 
(71314,"2022-11-26",25,17,1,2,4,14,null,1), 
(71681,"2022-11-7",26,17,0,2,4,14,null,1), 
(53825,"2022-9-25",27,17,2,1,4,3,null,1), 
(56286,"2022-6-6",28,17,1,2,2,10,null,1), 
(77788,"2022-9-7",29,17,0,2,3,7,null,1), 
(51494,"2022-5-14",30,17,0,2,4,6,null,1), 
(55127,"2022-8-6",31,17,0,0,3,10,null,1), 
(78429,"2022-6-1",32,17,2,2,3,7,null,1), 
(73758,"2022-12-6",33,17,0,0,4,9,null,1), 
(64256,"2022-5-18",34,17,0,0,1,6,null,1), 
(59609,"2022-9-21",35,17,0,4,2,13,null,1), 
(57577,"2022-12-6",36,17,2,1,2,5,null,1), 
(65868,"2022-11-20",37,17,0,0,1,9,null,1), 
(71495,"2022-12-9",1,18,0,3,3,3,null,1), 
(57473,"2022-6-1",2,18,0,0,1,5,null,1), 
(65262,"2022-8-3",3,18,0,3,4,11,null,1), 
(72018,"2022-10-27",4,18,0,0,1,3,null,1), 
(52841,"2022-12-18",5,18,1,0,4,9,null,1), 
(50691,"2022-5-24",6,18,0,0,1,8,null,1), 
(74137,"2022-12-5",7,18,0,2,4,6,null,1), 
(78483,"2022-6-15",8,18,1,1,4,1,null,1), 
(56672,"2022-11-1",9,18,2,0,3,11,null,1), 
(71518,"2022-6-5",10,18,0,1,3,10,null,1), 
(69542,"2022-8-11",11,18,2,3,2,1,null,1), 
(66648,"2022-7-27",12,18,2,5,4,9,null,1), 
(68132,"2022-7-23",13,18,2,3,3,6,null,1), 
(59425,"2022-10-28",14,18,0,4,3,8,null,1), 
(58244,"2022-7-14",15,18,0,4,3,8,null,1), 
(50927,"2022-8-18",16,18,0,0,1,12,null,1), 
(76480,"2022-12-20",17,18,0,2,3,8,null,1), 
(57424,"2022-7-28",19,18,0,0,1,8,null,1), 
(61145,"2022-12-15",20,18,2,0,4,5,null,1), 
(51342,"2022-10-26",21,18,0,0,1,12,null,1), 
(59404,"2022-9-7",22,18,2,4,2,11,null,1), 
(58976,"2022-9-1",23,18,0,1,2,13,null,1), 
(77631,"2022-12-12",24,18,0,1,3,15,null,1), 
(50114,"2022-10-10",25,18,0,2,2,10,null,1), 
(76447,"2022-11-22",26,18,2,0,2,12,null,1), 
(79203,"2022-12-22",27,18,1,0,2,2,null,1), 
(73726,"2022-12-6",28,18,0,1,4,15,null,1), 
(56415,"2022-6-9",29,18,1,1,3,15,null,1), 
(76824,"2022-8-17",30,18,2,0,3,15,null,1), 
(75720,"2022-7-18",31,18,1,2,4,5,null,1), 
(66711,"2022-12-4",32,18,2,2,3,4,null,1), 
(64154,"2022-9-13",33,18,1,1,2,7,null,1), 
(58673,"2022-8-8",34,18,0,1,2,8,null,1), 
(77355,"2022-10-21",35,18,1,5,4,4,null,1), 
(67529,"2022-10-10",36,18,0,2,2,4,null,1), 
(56102,"2022-9-4",37,18,0,0,1,7,null,1), 
(51547,"2022-10-18",1,19,1,5,4,3,null,1), 
(50583,"2022-10-24",2,19,0,0,1,10,null,1), 
(79575,"2022-12-4",3,19,0,0,1,14,null,1), 
(67861,"2022-11-1",4,19,0,2,4,12,null,1), 
(54265,"2022-9-3",5,19,1,1,3,5,null,1), 
(67593,"2022-7-18",6,19,0,1,2,2,null,1), 
(65534,"2022-6-23",7,19,0,0,3,5,null,1), 
(57017,"2022-6-18",8,19,0,0,1,11,null,1), 
(51268,"2022-11-19",9,19,1,0,2,14,null,1), 
(67775,"2022-10-12",10,19,0,0,1,2,null,1), 
(77914,"2022-6-21",11,19,1,4,2,15,null,1), 
(64576,"2022-9-30",12,19,1,4,2,1,null,1), 
(72124,"2022-5-29",13,19,0,4,3,10,null,1), 
(66661,"2022-10-5",14,19,0,0,1,14,null,1), 
(65183,"2022-11-16",15,19,2,4,2,14,null,1), 
(75559,"2022-5-5",16,19,0,1,2,1,null,1), 
(56969,"2022-7-15",17,19,2,2,4,14,null,1), 
(57027,"2022-6-4",18,19,0,0,1,12,null,1), 
(65509,"2022-11-24",20,19,1,0,4,14,null,1), 
(65334,"2022-6-11",21,19,0,0,1,13,null,1), 
(53537,"2022-11-10",22,19,0,0,1,8,null,1), 
(51296,"2022-8-1",23,19,0,0,1,15,null,1), 
(50657,"2022-10-23",24,19,0,0,1,13,null,1), 
(78467,"2022-10-28",25,19,0,0,1,13,null,1), 
(60148,"2022-10-27",26,19,0,0,1,3,null,1), 
(64025,"2022-7-24",27,19,1,2,3,12,null,1), 
(72062,"2022-5-28",28,19,0,0,1,13,null,1), 
(78775,"2022-9-12",29,19,0,0,1,9,null,1), 
(74004,"2022-8-13",30,19,0,0,1,5,null,1), 
(65713,"2022-9-29",31,19,0,0,1,9,null,1), 
(64773,"2022-8-6",32,19,1,2,2,3,null,1), 
(63893,"2022-6-24",33,19,1,1,2,1,null,1), 
(75167,"2022-9-19",34,19,2,2,2,10,null,1), 
(57630,"2022-11-9",35,19,2,4,2,9,null,1), 
(53909,"2022-5-9",36,19,2,2,2,3,null,1), 
(71190,"2022-10-30",37,19,2,1,4,2,null,1), 
(67331,"2022-6-29",1,20,0,3,3,11,null,1), 
(69683,"2022-5-4",2,20,1,4,4,11,null,1), 
(63370,"2022-7-27",3,20,0,0,1,11,null,1), 
(77744,"2022-12-13",4,20,0,0,1,3,null,1), 
(77622,"2022-7-13",5,20,0,1,3,13,null,1), 
(53634,"2022-11-29",6,20,2,2,2,3,null,1), 
(68005,"2022-10-27",7,20,1,0,3,1,null,1), 
(57216,"2022-11-11",8,20,0,2,3,9,null,1), 
(59175,"2022-6-6",9,20,1,2,4,14,null,1), 
(60832,"2022-12-6",10,20,2,0,4,1,null,1), 
(72389,"2022-11-18",11,20,1,5,3,3,null,1), 
(72384,"2022-9-18",12,20,1,4,2,8,null,1), 
(67192,"2022-10-23",13,20,0,0,1,5,null,1), 
(63692,"2022-7-23",14,20,2,5,3,14,null,1), 
(54484,"2022-9-11",15,20,0,0,1,2,null,1), 
(56028,"2022-12-13",16,20,0,0,2,11,null,1), 
(66787,"2022-6-9",17,20,0,0,1,8,null,1), 
(69275,"2022-7-17",18,20,1,0,2,1,null,1), 
(71005,"2022-9-10",19,20,0,1,4,2,null,1), 
(77144,"2022-11-23",21,20,0,4,4,10,null,1), 
(58201,"2022-12-1",22,20,0,0,1,6,null,1), 
(66442,"2022-5-28",23,20,0,1,2,15,null,1), 
(54571,"2022-7-23",24,20,2,2,4,3,null,1), 
(74046,"2022-9-22",25,20,0,1,3,7,null,1), 
(60037,"2022-12-17",26,20,2,1,4,12,null,1), 
(79230,"2022-5-9",27,20,0,2,2,2,null,1), 
(58763,"2022-7-20",28,20,2,0,2,6,null,1), 
(68166,"2022-9-29",29,20,2,2,4,11,null,1), 
(66037,"2022-11-3",30,20,1,2,4,8,null,1), 
(63508,"2022-10-15",31,20,2,1,4,4,null,1), 
(71268,"2022-8-25",32,20,0,2,2,9,null,1), 
(62135,"2022-10-8",33,20,1,0,4,9,null,1), 
(66252,"2022-12-7",34,20,0,0,1,10,null,1), 
(75021,"2022-12-12",35,20,2,5,4,1,null,1), 
(71061,"2022-8-12",36,20,0,0,1,14,null,1), 
(55176,"2022-6-30",37,20,0,0,1,8,null,1), 
(72554,"2022-12-15",1,21,4,4,3,6,null,1), 
(50025,"2022-7-12",2,21,4,5,3,14,null,1), 
(52270,"2022-7-10",3,21,3,3,4,13,null,1), 
(54820,"2022-6-6",4,21,4,0,4,6,null,1), 
(70832,"2022-7-5",5,21,4,1,2,2,null,1), 
(60107,"2022-7-8",6,21,3,0,4,15,null,1), 
(68920,"2022-9-5",7,21,0,0,1,15,null,1), 
(70815,"2022-9-27",8,21,3,2,2,2,null,1), 
(77271,"2022-6-19",9,21,5,0,2,12,null,1), 
(57248,"2022-10-29",10,21,0,0,1,6,null,1), 
(58586,"2022-8-30",11,21,5,3,3,10,null,1), 
(64227,"2022-11-23",12,21,0,0,1,13,null,1), 
(70997,"2022-11-26",13,21,5,3,2,8,null,1), 
(74632,"2022-9-11",14,21,4,3,4,2,null,1), 
(66177,"2022-6-29",15,21,3,4,4,12,null,1), 
(64294,"2022-7-13",16,21,3,2,3,9,null,1), 
(79029,"2022-6-15",17,21,5,1,4,8,null,1), 
(69439,"2022-10-20",18,21,3,2,3,3,null,1), 
(51663,"2022-7-5",19,21,0,0,1,1,null,1), 
(79666,"2022-10-5",20,21,0,0,1,13,null,1), 
(60265,"2022-11-4",22,21,4,4,3,13,null,1), 
(61595,"2022-6-26",23,21,4,0,3,6,null,1), 
(69657,"2022-9-4",24,21,5,0,2,13,null,1), 
(59852,"2022-11-20",25,21,5,0,3,10,null,1), 
(75204,"2022-6-30",26,21,4,2,3,14,null,1), 
(56720,"2022-12-22",27,21,0,0,1,6,null,1), 
(63888,"2022-8-15",28,21,3,0,2,6,null,1), 
(57837,"2022-7-15",29,21,0,0,1,7,null,1), 
(79667,"2022-6-10",30,21,0,0,1,6,null,1), 
(64002,"2022-5-14",31,21,3,0,2,13,null,1), 
(70260,"2022-5-29",32,21,5,2,3,15,null,1), 
(56287,"2022-7-17",33,21,0,0,1,13,null,1), 
(68770,"2022-10-30",34,21,0,0,1,4,null,1), 
(68340,"2022-8-10",35,21,3,4,2,3,null,1), 
(59957,"2022-12-29",36,21,4,2,2,15,null,1), 
(52242,"2022-10-24",37,21,3,0,2,9,null,1), 
(69979,"2022-10-5",1,22,0,0,1,14,null,1), 
(74896,"2022-5-16",2,22,4,4,2,11,null,1), 
(54765,"2022-12-6",3,22,0,0,1,11,null,1), 
(70156,"2022-9-1",4,22,5,1,2,6,null,1), 
(58477,"2022-7-2",5,22,3,0,3,7,null,1), 
(73161,"2022-12-24",6,22,3,1,2,9,null,1), 
(55550,"2022-9-3",7,22,3,1,3,15,null,1), 
(77582,"2022-5-9",8,22,5,0,4,14,null,1), 
(74186,"2022-8-12",9,22,4,2,4,1,null,1), 
(62981,"2022-8-10",10,22,5,0,4,1,null,1), 
(75827,"2022-8-30",11,22,4,5,3,3,null,1), 
(74990,"2022-9-26",12,22,3,4,3,10,null,1), 
(74850,"2022-12-23",13,22,0,0,1,1,null,1), 
(58149,"2022-10-18",14,22,4,5,3,11,null,1), 
(71487,"2022-8-15",15,22,4,3,2,4,null,1), 
(59356,"2022-6-12",16,22,4,1,3,11,null,1), 
(63735,"2022-9-22",17,22,5,0,4,10,null,1), 
(66617,"2022-11-18",18,22,5,0,2,1,null,1), 
(65555,"2022-10-30",19,22,5,0,4,12,null,1), 
(54301,"2022-5-6",20,22,5,1,3,9,null,1), 
(78711,"2022-5-28",21,22,5,4,2,3,null,1), 
(70682,"2022-11-18",23,22,0,0,1,6,null,1), 
(59399,"2022-8-2",24,22,5,2,3,11,null,1), 
(67948,"2022-12-11",25,22,4,2,3,3,null,1), 
(76882,"2022-5-4",26,22,4,2,3,11,null,1), 
(75553,"2022-5-18",27,22,4,1,4,1,null,1), 
(53299,"2022-10-23",28,22,0,0,1,5,null,1), 
(68508,"2022-8-29",29,22,3,0,4,1,null,1), 
(53897,"2022-11-19",30,22,5,2,4,10,null,1), 
(58407,"2022-12-1",31,22,0,0,1,14,null,1), 
(79819,"2022-6-10",32,22,5,2,3,9,null,1), 
(61467,"2022-12-25",33,22,5,1,2,1,null,1), 
(59505,"2022-8-21",34,22,5,1,3,3,null,1), 
(55418,"2022-6-8",35,22,0,0,1,8,null,1), 
(67683,"2022-10-4",36,22,3,0,3,10,null,1), 
(65487,"2022-12-25",37,22,4,1,3,9,null,1), 
(59691,"2022-6-30",1,23,0,0,1,5,null,1), 
(74548,"2022-7-2",2,23,0,0,1,2,null,1), 
(70878,"2022-5-4",3,23,0,0,1,2,null,1), 
(79279,"2022-5-3",4,23,0,2,4,15,null,1), 
(60524,"2022-10-22",5,23,0,0,1,11,null,1), 
(68675,"2022-10-2",6,23,0,0,1,13,null,1), 
(79115,"2022-12-14",7,23,0,0,1,9,null,1), 
(54666,"2022-12-19",8,23,2,1,2,11,null,1), 
(69938,"2022-11-11",9,23,0,2,3,12,null,1), 
(60044,"2022-5-16",10,23,1,0,2,2,null,1), 
(73125,"2022-12-24",11,23,0,0,1,12,null,1), 
(72617,"2022-12-20",12,23,2,4,2,15,null,1), 
(57284,"2022-9-13",13,23,0,0,1,2,null,1), 
(68127,"2022-12-9",14,23,1,5,4,7,null,1), 
(68529,"2022-10-18",15,23,0,5,3,12,null,1), 
(60412,"2022-5-24",16,23,0,1,2,5,null,1), 
(54625,"2022-10-20",17,23,0,1,3,15,null,1), 
(66934,"2022-8-16",18,23,1,2,2,10,null,1), 
(77361,"2022-7-29",19,23,0,0,1,6,null,1), 
(79866,"2022-6-25",20,23,0,0,2,6,null,1), 
(55565,"2022-10-18",21,23,2,5,3,10,null,1), 
(63977,"2022-7-2",22,23,2,4,4,7,null,1), 
(73328,"2022-12-29",24,23,0,0,1,15,null,1), 
(54899,"2022-10-17",25,23,0,0,3,11,null,1), 
(73476,"2022-8-18",26,23,0,0,1,15,null,1), 
(62343,"2022-6-10",27,23,0,0,1,2,null,1), 
(70338,"2022-12-5",28,23,0,2,3,10,null,1), 
(55818,"2022-6-23",29,23,2,1,2,1,null,1), 
(63839,"2022-10-25",30,23,1,2,4,7,null,1), 
(50133,"2022-5-16",31,23,0,0,1,14,null,1), 
(52156,"2022-5-12",32,23,2,1,2,14,null,1), 
(77170,"2022-6-25",33,23,2,1,2,1,null,1), 
(55312,"2022-11-19",34,23,1,2,4,7,null,1), 
(79506,"2022-5-13",35,23,1,3,2,11,null,1), 
(70718,"2022-10-23",36,23,1,0,4,7,null,1), 
(75797,"2022-12-5",37,23,0,2,4,11,null,1), 
(67858,"2022-9-1",1,24,0,4,4,4,null,1), 
(67698,"2022-8-16",2,24,0,3,2,8,null,1), 
(77045,"2022-6-19",3,24,0,0,1,6,null,1), 
(55570,"2022-11-25",4,24,0,0,1,13,null,1), 
(55860,"2022-9-24",5,24,0,1,2,10,null,1), 
(71367,"2022-8-14",6,24,0,0,1,14,null,1), 
(70774,"2022-11-13",7,24,0,0,1,5,null,1), 
(60073,"2022-9-18",8,24,1,1,3,3,null,1), 
(57295,"2022-5-17",9,24,2,1,2,12,null,1), 
(71725,"2022-9-4",10,24,1,1,3,6,null,1), 
(58364,"2022-9-14",11,24,1,3,3,5,null,1), 
(61640,"2022-7-13",12,24,1,5,2,9,null,1), 
(61790,"2022-10-12",13,24,0,0,1,7,null,1), 
(71331,"2022-10-19",14,24,0,0,1,8,null,1), 
(60943,"2022-11-30",15,24,0,5,2,5,null,1), 
(79453,"2022-7-12",16,24,0,0,1,10,null,1), 
(79700,"2022-6-24",17,24,0,0,3,10,null,1), 
(63096,"2022-6-25",18,24,0,1,3,4,null,1), 
(67431,"2022-12-4",19,24,2,2,2,13,null,1), 
(60406,"2022-10-19",20,24,0,0,1,11,null,1), 
(73888,"2022-5-17",21,24,0,0,1,14,null,1), 
(70753,"2022-5-5",22,24,0,3,4,13,null,1), 
(70094,"2022-9-18",23,24,1,0,3,2,null,1), 
(78699,"2022-12-23",25,24,0,0,1,1,null,1), 
(50838,"2022-5-22",26,24,0,1,3,12,null,1), 
(69200,"2022-11-29",27,24,1,1,3,8,null,1), 
(70146,"2022-6-7",28,24,2,1,2,5,null,1), 
(54399,"2022-10-9",29,24,2,2,2,14,null,1), 
(55988,"2022-6-5",30,24,0,0,1,9,null,1), 
(61242,"2022-10-6",31,24,1,0,2,5,null,1), 
(51856,"2022-9-6",32,24,0,0,1,3,null,1), 
(65787,"2022-12-3",33,24,2,2,3,9,null,1), 
(51931,"2022-8-17",34,24,1,1,2,12,null,1), 
(77701,"2022-11-25",35,24,1,5,4,3,null,1), 
(75532,"2022-11-24",36,24,2,2,2,1,null,1), 
(68468,"2022-11-27",37,24,2,1,4,13,null,1), 
(65120,"2022-7-23",1,25,1,5,2,5,null,1), 
(69517,"2022-5-19",2,25,0,4,3,4,null,1), 
(66630,"2022-5-22",3,25,2,4,3,1,null,1), 
(67998,"2022-10-26",4,25,2,0,2,15,null,1), 
(79198,"2022-8-16",5,25,0,2,2,14,null,1), 
(58972,"2022-8-23",6,25,1,0,2,8,null,1), 
(56683,"2022-5-10",7,25,1,0,3,1,null,1), 
(60078,"2022-5-13",8,25,1,2,4,7,null,1), 
(75715,"2022-9-13",9,25,0,1,3,8,null,1), 
(63516,"2022-7-19",10,25,1,1,2,13,null,1), 
(73254,"2022-9-29",11,25,1,5,2,9,null,1), 
(74877,"2022-6-4",12,25,0,4,2,7,null,1), 
(67922,"2022-10-29",13,25,0,0,1,14,null,1), 
(66500,"2022-5-6",14,25,0,0,1,11,null,1), 
(55530,"2022-11-2",15,25,1,4,2,7,null,1), 
(76145,"2022-10-3",16,25,2,1,4,14,null,1), 
(51431,"2022-9-29",17,25,0,0,3,7,null,1), 
(59826,"2022-12-17",18,25,0,1,2,9,null,1), 
(77334,"2022-8-23",19,25,2,0,2,15,null,1), 
(71154,"2022-7-22",20,25,0,0,1,13,null,1), 
(76470,"2022-5-4",21,25,0,4,2,3,null,1), 
(59593,"2022-9-24",22,25,1,4,4,15,null,1), 
(66578,"2022-12-4",23,25,0,0,4,8,null,1), 
(61813,"2022-9-20",24,25,2,1,3,11,null,1), 
(78967,"2022-6-29",26,25,2,2,2,9,null,1), 
(62340,"2022-5-20",27,25,1,2,2,8,null,1), 
(74943,"2022-5-29",28,25,0,0,2,13,null,1), 
(54567,"2022-9-29",29,25,1,2,3,13,null,1), 
(65999,"2022-7-5",30,25,2,1,2,7,null,1), 
(55075,"2022-12-26",31,25,0,0,1,12,null,1), 
(59915,"2022-10-10",32,25,1,2,4,14,null,1), 
(50390,"2022-7-5",33,25,1,2,2,6,null,1), 
(69257,"2022-6-4",34,25,1,2,4,2,null,1), 
(60326,"2022-10-18",35,25,0,0,1,1,null,1), 
(66343,"2022-9-21",36,25,0,0,2,13,null,1), 
(50349,"2022-5-19",37,25,1,0,3,11,null,1), 
(73602,"2022-6-3",1,26,1,3,2,1,null,1), 
(55714,"2022-12-29",2,26,0,0,1,8,null,1), 
(68963,"2022-7-14",3,26,1,3,2,9,null,1), 
(66707,"2022-11-25",4,26,1,2,2,14,null,1), 
(50317,"2022-11-8",5,26,1,0,4,11,null,1), 
(53051,"2022-10-9",6,26,0,0,1,8,null,1), 
(58649,"2022-7-5",7,26,0,1,3,12,null,1), 
(62918,"2022-11-27",8,26,1,0,2,14,null,1), 
(64633,"2022-6-2",9,26,1,1,3,1,null,1), 
(63162,"2022-5-26",10,26,0,2,4,3,null,1), 
(72159,"2022-5-29",11,26,2,3,3,15,null,1), 
(70413,"2022-11-25",12,26,0,0,1,1,null,1), 
(65135,"2022-12-28",13,26,0,0,1,1,null,1), 
(55964,"2022-10-3",14,26,2,3,2,15,null,1), 
(51730,"2022-8-21",15,26,1,4,4,9,null,1), 
(67864,"2022-11-5",16,26,0,2,3,12,null,1), 
(57797,"2022-6-27",17,26,0,0,1,13,null,1), 
(53223,"2022-12-20",18,26,1,2,2,9,null,1), 
(52465,"2022-9-30",19,26,2,1,4,10,null,1), 
(68432,"2022-8-17",20,26,2,0,3,4,null,1), 
(79159,"2022-10-14",21,26,1,5,2,14,null,1), 
(58629,"2022-12-3",22,26,1,4,3,6,null,1), 
(52028,"2022-12-6",23,26,2,0,2,7,null,1), 
(76099,"2022-9-29",24,26,0,2,4,5,null,1), 
(69584,"2022-6-10",25,26,1,2,2,8,null,1), 
(75697,"2022-10-29",27,26,1,2,2,15,null,1), 
(70706,"2022-6-7",28,26,0,0,1,2,null,1), 
(63709,"2022-6-27",29,26,0,0,1,2,null,1), 
(54670,"2022-12-28",30,26,0,0,1,4,null,1), 
(77109,"2022-5-17",31,26,1,2,2,13,null,1), 
(77777,"2022-5-6",32,26,2,1,3,3,null,1), 
(73642,"2022-8-9",33,26,2,0,4,2,null,1), 
(69070,"2022-7-12",34,26,2,1,4,10,null,1), 
(53730,"2022-8-5",35,26,2,3,4,7,null,1), 
(70769,"2022-5-7",36,26,1,2,3,10,null,1), 
(69854,"2022-12-26",37,26,0,0,2,6,null,1), 
(60065,"2022-8-21",1,27,2,5,2,12,null,1), 
(72085,"2022-6-16",2,27,2,5,3,7,null,1), 
(69152,"2022-7-27",3,27,0,4,2,15,null,1), 
(54512,"2022-6-30",4,27,0,1,4,10,null,1), 
(52157,"2022-12-21",5,27,2,0,2,7,null,1), 
(76186,"2022-6-17",6,27,2,2,3,7,null,1), 
(55445,"2022-10-16",7,27,0,0,3,8,null,1), 
(74926,"2022-8-19",8,27,0,0,1,10,null,1), 
(72515,"2022-10-2",9,27,2,1,4,10,null,1), 
(76576,"2022-7-22",10,27,0,0,1,13,null,1), 
(50989,"2022-12-26",11,27,0,5,4,10,null,1), 
(59304,"2022-9-28",12,27,1,4,4,1,null,1), 
(54938,"2022-5-14",13,27,0,0,1,6,null,1), 
(76929,"2022-7-23",14,27,2,5,2,7,null,1), 
(57761,"2022-11-18",15,27,0,4,2,13,null,1), 
(77923,"2022-6-28",16,27,2,2,2,5,null,1), 
(68981,"2022-11-19",17,27,1,2,4,7,null,1), 
(60554,"2022-7-12",18,27,0,0,1,8,null,1), 
(76473,"2022-11-19",19,27,0,1,4,1,null,1), 
(63508,"2022-5-23",20,27,0,0,1,7,null,1), 
(57079,"2022-9-9",21,27,1,5,3,2,null,1), 
(77023,"2022-5-20",22,27,0,0,1,5,null,1), 
(53559,"2022-5-15",23,27,1,0,2,11,null,1), 
(54847,"2022-10-30",24,27,0,0,1,14,null,1), 
(76786,"2022-12-19",25,27,1,0,3,10,null,1), 
(74568,"2022-11-2",26,27,0,1,3,14,null,1), 
(60788,"2022-7-19",28,27,0,2,3,5,null,1), 
(59554,"2022-7-30",29,27,0,0,1,13,null,1), 
(77717,"2022-12-7",30,27,0,0,1,15,null,1), 
(73755,"2022-11-29",31,27,0,1,2,5,null,1), 
(60753,"2022-5-4",32,27,0,0,1,9,null,1), 
(67026,"2022-11-4",33,27,2,2,2,13,null,1), 
(66484,"2022-5-14",34,27,2,0,3,10,null,1), 
(70465,"2022-9-17",35,27,2,4,3,14,null,1), 
(54082,"2022-11-29",36,27,0,2,4,8,null,1), 
(72389,"2022-8-4",37,27,0,0,1,3,null,1), 
(69329,"2022-5-24",1,28,0,0,1,3,null,1), 
(72864,"2022-11-25",2,28,1,3,2,7,null,1), 
(56885,"2022-12-28",3,28,2,5,3,5,null,1), 
(61041,"2022-11-17",4,28,0,0,1,8,null,1), 
(77011,"2022-6-1",5,28,2,1,4,7,null,1), 
(57781,"2022-11-18",6,28,1,1,2,6,null,1), 
(62781,"2022-8-3",7,28,2,2,2,4,null,1), 
(79434,"2022-12-14",8,28,0,0,1,1,null,1), 
(61725,"2022-5-1",9,28,0,0,1,5,null,1), 
(75704,"2022-8-4",10,28,0,0,1,2,null,1), 
(72551,"2022-12-16",11,28,0,5,3,1,null,1), 
(53353,"2022-10-16",12,28,0,3,2,8,null,1), 
(72867,"2022-8-24",13,28,0,0,1,5,null,1), 
(53855,"2022-10-29",14,28,1,5,2,5,null,1), 
(79836,"2022-10-29",15,28,0,5,3,2,null,1), 
(64952,"2022-12-25",16,28,0,0,3,12,null,1), 
(54147,"2022-6-5",17,28,0,0,1,8,null,1), 
(79203,"2022-10-29",18,28,0,0,3,2,null,1), 
(51324,"2022-5-3",19,28,2,0,4,10,null,1), 
(51106,"2022-11-29",20,28,0,0,1,9,null,1), 
(54975,"2022-6-12",21,28,2,3,4,7,null,1), 
(50643,"2022-6-12",22,28,0,4,3,11,null,1), 
(56319,"2022-8-12",23,28,0,2,3,9,null,1), 
(54410,"2022-9-7",24,28,1,2,3,14,null,1), 
(53336,"2022-10-4",25,28,0,0,1,1,null,1), 
(68197,"2022-11-18",26,28,2,2,2,4,null,1), 
(78700,"2022-12-28",27,28,2,2,3,13,null,1), 
(77153,"2022-7-8",29,28,0,1,3,12,null,1), 
(64803,"2022-5-8",30,28,2,0,2,6,null,1), 
(76958,"2022-8-30",31,28,0,2,2,14,null,1), 
(56839,"2022-12-24",32,28,0,0,3,15,null,1), 
(64379,"2022-7-6",33,28,0,2,3,5,null,1), 
(54360,"2022-5-1",34,28,0,0,1,12,null,1), 
(59455,"2022-10-1",35,28,1,3,4,11,null,1), 
(66298,"2022-5-17",36,28,0,0,1,4,null,1), 
(52609,"2022-10-6",37,28,0,0,1,7,null,1), 
(52787,"2022-12-17",1,29,0,0,1,13,null,1), 
(73096,"2022-5-16",2,29,2,3,4,14,null,1), 
(61235,"2022-11-2",3,29,1,3,4,6,null,1), 
(77924,"2022-10-18",4,29,0,0,2,7,null,1), 
(78185,"2022-10-6",5,29,2,0,3,8,null,1), 
(60764,"2022-10-6",6,29,0,0,1,3,null,1), 
(51457,"2022-9-28",7,29,1,0,2,14,null,1), 
(54259,"2022-8-4",8,29,0,0,1,14,null,1), 
(71663,"2022-8-25",9,29,0,0,1,15,null,1), 
(62185,"2022-8-16",10,29,0,0,1,7,null,1), 
(72941,"2022-7-26",11,29,1,4,2,11,null,1), 
(68353,"2022-11-18",12,29,1,4,4,6,null,1), 
(59486,"2022-10-16",13,29,0,0,1,8,null,1), 
(72191,"2022-8-7",14,29,0,0,1,13,null,1), 
(60931,"2022-6-5",15,29,0,5,4,8,null,1), 
(79443,"2022-11-5",16,29,2,0,2,9,null,1), 
(79730,"2022-5-13",17,29,2,2,3,6,null,1), 
(64798,"2022-6-14",18,29,1,0,4,1,null,1), 
(77298,"2022-8-17",19,29,0,2,4,11,null,1), 
(71426,"2022-6-4",20,29,0,0,1,9,null,1), 
(61199,"2022-8-11",21,29,0,0,1,9,null,1), 
(79678,"2022-8-13",22,29,1,5,2,5,null,1), 
(51337,"2022-5-12",23,29,2,0,4,7,null,1), 
(72187,"2022-9-10",24,29,1,1,3,11,null,1), 
(74081,"2022-9-3",25,29,0,0,1,12,null,1), 
(73043,"2022-11-10",26,29,0,0,1,7,null,1), 
(69290,"2022-11-29",27,29,2,1,2,8,null,1), 
(52493,"2022-9-27",28,29,0,0,3,13,null,1), 
(62387,"2022-10-24",30,29,0,1,2,15,null,1), 
(61477,"2022-8-2",31,29,2,1,4,5,null,1), 
(56882,"2022-9-14",32,29,0,1,2,11,null,1), 
(66923,"2022-10-14",33,29,0,0,1,1,null,1), 
(78140,"2022-11-26",34,29,0,2,3,4,null,1), 
(67476,"2022-7-25",35,29,1,5,4,5,null,1), 
(66534,"2022-10-28",36,29,1,1,4,5,null,1), 
(59461,"2022-8-14",37,29,1,0,2,7,null,1), 
(68747,"2022-6-6",1,30,0,0,1,8,null,1), 
(60596,"2022-12-23",2,30,1,4,2,12,null,1), 
(51757,"2022-7-15",3,30,0,0,1,12,null,1), 
(65560,"2022-12-11",4,30,0,1,2,4,null,1), 
(54414,"2022-6-20",5,30,0,1,3,9,null,1), 
(56351,"2022-8-12",6,30,1,0,4,6,null,1), 
(73576,"2022-10-21",7,30,2,1,3,10,null,1), 
(66168,"2022-6-18",8,30,0,0,4,5,null,1), 
(77088,"2022-12-14",9,30,1,0,3,1,null,1), 
(61101,"2022-9-26",10,30,1,2,4,6,null,1), 
(66887,"2022-6-14",11,30,0,0,1,11,null,1), 
(74795,"2022-11-27",12,30,0,5,4,1,null,1), 
(61489,"2022-5-19",13,30,0,4,4,2,null,1), 
(56997,"2022-6-17",14,30,2,3,2,8,null,1), 
(63260,"2022-11-13",15,30,0,3,4,7,null,1), 
(55592,"2022-9-12",16,30,1,2,4,12,null,1), 
(65359,"2022-5-26",17,30,1,1,3,10,null,1), 
(66374,"2022-10-16",18,30,2,1,3,2,null,1), 
(72163,"2022-9-9",19,30,0,0,3,15,null,1), 
(59947,"2022-10-2",20,30,0,0,1,2,null,1), 
(73789,"2022-9-4",21,30,1,5,4,11,null,1), 
(67653,"2022-9-24",22,30,0,4,2,2,null,1), 
(56529,"2022-5-15",23,30,0,0,4,3,null,1), 
(54612,"2022-11-12",24,30,1,0,4,6,null,1), 
(73492,"2022-11-1",25,30,2,0,2,4,null,1), 
(60944,"2022-5-10",26,30,0,1,4,13,null,1), 
(54329,"2022-12-9",27,30,2,1,3,15,null,1), 
(61383,"2022-8-10",28,30,1,0,2,12,null,1), 
(63860,"2022-12-11",29,30,0,0,1,6,null,1), 
(75247,"2022-10-27",31,30,2,2,4,4,null,1), 
(63409,"2022-10-20",32,30,2,1,4,4,null,1), 
(63332,"2022-6-4",33,30,1,1,2,15,null,1), 
(53656,"2022-5-8",34,30,1,2,4,15,null,1), 
(59483,"2022-12-26",35,30,0,0,1,5,null,1), 
(63488,"2022-12-19",36,30,1,0,2,1,null,1), 
(52007,"2022-11-25",37,30,0,2,4,3,null,1), 
(62083,"2022-7-11",1,31,2,5,4,7,null,1), 
(52538,"2022-10-26",2,31,1,4,3,13,null,1), 
(57160,"2022-12-30",3,31,0,0,1,12,null,1), 
(74077,"2022-11-10",4,31,1,0,4,14,null,1), 
(51764,"2022-9-29",5,31,2,0,3,5,null,1), 
(56355,"2022-11-2",6,31,0,1,2,6,null,1), 
(68095,"2022-8-29",7,31,1,2,2,11,null,1), 
(55728,"2022-12-15",8,31,0,0,1,3,null,1), 
(50017,"2022-7-17",9,31,2,2,3,10,null,1), 
(56974,"2022-11-1",10,31,1,2,3,6,null,1), 
(73072,"2022-8-4",11,31,2,3,3,1,null,1), 
(74180,"2022-6-21",12,31,1,3,3,10,null,1), 
(72743,"2022-11-30",13,31,2,4,2,9,null,1), 
(69680,"2022-11-23",14,31,1,3,3,10,null,1), 
(66101,"2022-12-4",15,31,0,0,1,12,null,1), 
(72580,"2022-6-27",16,31,0,0,1,2,null,1), 
(68925,"2022-11-21",17,31,1,1,4,2,null,1), 
(78280,"2022-7-7",18,31,0,0,1,15,null,1), 
(74572,"2022-9-19",19,31,0,0,1,7,null,1), 
(70349,"2022-9-7",20,31,1,0,3,12,null,1), 
(59760,"2022-8-15",21,31,1,4,2,14,null,1), 
(68635,"2022-7-22",22,31,1,5,3,7,null,1), 
(72832,"2022-8-9",23,31,0,0,1,15,null,1), 
(74290,"2022-10-5",24,31,2,2,4,8,null,1), 
(77567,"2022-9-10",25,31,2,0,4,4,null,1), 
(68391,"2022-5-4",26,31,0,2,4,9,null,1), 
(77501,"2022-6-4",27,31,2,2,2,15,null,1), 
(70244,"2022-8-2",28,31,0,0,4,15,null,1), 
(76534,"2022-12-28",29,31,2,2,3,1,null,1), 
(70678,"2022-10-16",30,31,0,0,1,1,null,1), 
(51857,"2022-8-15",32,31,2,2,2,7,null,1), 
(51242,"2022-6-15",33,31,2,1,2,4,null,1), 
(55605,"2022-10-9",34,31,2,1,2,1,null,1), 
(50600,"2022-6-7",35,31,2,4,4,1,null,1), 
(69406,"2022-6-12",36,31,0,0,1,9,null,1), 
(50641,"2022-8-9",37,31,1,2,2,3,null,1), 
(71180,"2022-5-6",1,32,0,0,1,2,null,1), 
(64891,"2022-9-12",2,32,0,0,1,12,null,1), 
(52556,"2022-11-2",3,32,0,0,1,9,null,1), 
(69724,"2022-5-28",4,32,2,2,3,5,null,1), 
(73938,"2022-8-21",5,32,0,2,3,6,null,1), 
(77128,"2022-11-14",6,32,1,0,2,2,null,1), 
(64033,"2022-7-27",7,32,0,0,1,5,null,1), 
(61995,"2022-11-23",8,32,2,1,3,4,null,1), 
(60419,"2022-7-22",9,32,1,0,4,3,null,1), 
(74556,"2022-11-28",10,32,0,1,2,15,null,1), 
(51541,"2022-10-9",11,32,2,4,2,11,null,1), 
(76803,"2022-9-28",12,32,2,3,4,1,null,1), 
(68105,"2022-6-30",13,32,0,3,2,5,null,1), 
(63736,"2022-5-25",14,32,1,4,4,4,null,1), 
(53153,"2022-6-10",15,32,0,0,1,7,null,1), 
(77595,"2022-5-4",16,32,0,0,1,7,null,1), 
(57042,"2022-8-16",17,32,2,2,4,12,null,1), 
(64919,"2022-6-9",18,32,2,0,3,2,null,1), 
(65158,"2022-11-21",19,32,1,2,4,3,null,1), 
(56162,"2022-6-1",20,32,0,0,1,1,null,1), 
(58450,"2022-5-27",21,32,0,0,1,11,null,1), 
(57707,"2022-7-18",22,32,0,0,1,12,null,1), 
(77811,"2022-10-1",23,32,0,1,3,1,null,1), 
(66511,"2022-9-4",24,32,0,0,1,1,null,1), 
(53091,"2022-8-28",25,32,2,1,2,4,null,1), 
(69116,"2022-5-8",26,32,2,1,4,12,null,1), 
(56823,"2022-5-5",27,32,1,2,2,10,null,1), 
(56898,"2022-12-25",28,32,0,0,2,8,null,1), 
(55277,"2022-12-22",29,32,0,0,4,2,null,1), 
(67784,"2022-6-29",30,32,0,0,1,1,null,1), 
(70945,"2022-10-18",31,32,1,2,3,9,null,1), 
(58108,"2022-6-21",33,32,2,2,4,2,null,1), 
(73272,"2022-11-21",34,32,2,2,4,2,null,1), 
(74034,"2022-7-24",35,32,0,5,4,11,null,1), 
(60936,"2022-12-1",36,32,0,0,1,9,null,1), 
(78566,"2022-5-27",37,32,2,2,3,5,null,1), 
(60158,"2022-5-2",1,33,1,4,4,3,null,1), 
(67333,"2022-7-9",2,33,0,0,1,6,null,1), 
(61208,"2022-9-20",3,33,0,5,4,11,null,1), 
(72328,"2022-7-13",4,33,1,0,3,11,null,1), 
(68653,"2022-9-29",5,33,2,1,3,11,null,1), 
(60990,"2022-8-15",6,33,2,2,2,13,null,1), 
(52658,"2022-6-15",7,33,0,0,1,1,null,1), 
(79407,"2022-8-2",8,33,1,0,3,5,null,1), 
(77875,"2022-10-27",9,33,0,0,1,4,null,1), 
(58372,"2022-12-24",10,33,2,0,4,11,null,1), 
(78542,"2022-9-12",11,33,0,3,2,12,null,1), 
(52071,"2022-8-21",12,33,2,4,4,15,null,1), 
(57565,"2022-12-11",13,33,0,0,1,2,null,1), 
(67249,"2022-7-27",14,33,2,4,4,10,null,1), 
(50245,"2022-10-23",15,33,0,0,1,7,null,1), 
(55266,"2022-6-18",16,33,2,1,3,10,null,1), 
(53556,"2022-6-20",17,33,0,0,2,2,null,1), 
(52100,"2022-5-5",18,33,0,2,2,9,null,1), 
(73005,"2022-6-16",19,33,0,0,1,3,null,1), 
(79132,"2022-8-1",20,33,1,0,2,11,null,1), 
(74646,"2022-7-25",21,33,0,3,4,10,null,1), 
(70834,"2022-11-6",22,33,0,3,4,2,null,1), 
(72915,"2022-12-10",23,33,0,1,4,12,null,1), 
(77247,"2022-11-6",24,33,0,1,3,13,null,1), 
(54086,"2022-10-13",25,33,0,0,1,3,null,1), 
(76438,"2022-10-19",26,33,1,2,3,15,null,1), 
(77559,"2022-9-10",27,33,2,2,2,1,null,1), 
(55315,"2022-12-28",28,33,0,0,1,5,null,1), 
(70632,"2022-5-16",29,33,1,1,4,14,null,1), 
(54030,"2022-10-4",30,33,2,2,3,9,null,1), 
(60634,"2022-10-16",31,33,0,1,3,11,null,1), 
(78533,"2022-8-29",32,33,1,0,2,3,null,1), 
(71831,"2022-8-26",34,33,1,2,3,14,null,1), 
(66014,"2022-9-16",35,33,0,4,3,14,null,1), 
(69003,"2022-9-21",36,33,0,0,1,13,null,1), 
(77083,"2022-10-26",37,33,0,0,1,1,null,1), 
(56250,"2022-7-19",1,34,1,3,2,12,null,1), 
(79002,"2022-8-18",2,34,1,3,4,13,null,1), 
(70599,"2022-9-9",3,34,1,4,3,14,null,1), 
(76964,"2022-10-2",4,34,0,1,4,8,null,1), 
(66010,"2022-7-1",5,34,1,0,2,12,null,1), 
(65952,"2022-12-13",6,34,0,1,3,11,null,1), 
(75897,"2022-6-13",7,34,2,2,4,1,null,1), 
(63174,"2022-11-27",8,34,2,1,3,6,null,1), 
(57606,"2022-9-30",9,34,2,0,2,13,null,1), 
(58333,"2022-8-26",10,34,0,0,1,4,null,1), 
(63763,"2022-11-27",11,34,0,4,4,11,null,1), 
(65282,"2022-10-16",12,34,2,3,2,12,null,1), 
(73826,"2022-8-7",13,34,1,3,3,7,null,1), 
(52393,"2022-11-23",14,34,0,0,1,1,null,1), 
(79240,"2022-9-25",15,34,1,4,4,1,null,1), 
(55928,"2022-10-26",16,34,0,0,1,4,null,1), 
(65054,"2022-12-1",17,34,1,2,3,4,null,1), 
(70371,"2022-6-17",18,34,0,0,2,15,null,1), 
(70643,"2022-7-7",19,34,0,1,2,2,null,1), 
(54005,"2022-12-29",20,34,0,0,3,2,null,1), 
(53046,"2022-12-9",21,34,1,5,2,10,null,1), 
(57068,"2022-5-5",22,34,0,0,1,8,null,1), 
(74857,"2022-10-21",23,34,2,2,4,15,null,1), 
(77097,"2022-5-10",24,34,0,0,1,9,null,1), 
(68396,"2022-11-17",25,34,0,0,1,2,null,1), 
(64853,"2022-5-18",26,34,0,2,2,13,null,1), 
(77818,"2022-11-22",27,34,0,0,1,8,null,1), 
(58655,"2022-9-6",28,34,2,0,4,15,null,1), 
(65409,"2022-8-15",29,34,0,0,1,14,null,1), 
(67337,"2022-8-21",30,34,0,0,1,6,null,1), 
(55038,"2022-7-26",31,34,2,0,2,3,null,1), 
(57429,"2022-6-15",32,34,0,0,1,12,null,1), 
(59735,"2022-6-22",33,34,2,2,2,4,null,1), 
(52633,"2022-5-2",35,34,0,0,1,12,null,1), 
(71564,"2022-7-11",36,34,1,1,3,6,null,1), 
(53484,"2022-11-28",37,34,0,0,1,13,null,1), 
(66250,"2022-8-21",1,35,5,4,2,4,null,1), 
(73847,"2022-10-26",2,35,4,3,2,7,null,1), 
(53528,"2022-5-6",3,35,0,0,1,11,null,1), 
(52971,"2022-7-27",4,35,5,2,4,10,null,1), 
(74458,"2022-7-9",5,35,3,2,4,8,null,1), 
(61795,"2022-11-10",6,35,3,0,4,6,null,1), 
(78608,"2022-12-3",7,35,5,1,2,2,null,1), 
(69305,"2022-7-2",8,35,5,0,3,8,null,1), 
(56425,"2022-9-30",9,35,0,0,1,3,null,1), 
(78154,"2022-9-15",10,35,5,1,2,14,null,1), 
(73216,"2022-9-7",11,35,3,5,4,4,null,1), 
(50253,"2022-6-12",12,35,3,4,3,7,null,1), 
(60528,"2022-9-19",13,35,5,5,4,14,null,1), 
(65776,"2022-8-9",14,35,5,5,4,3,null,1), 
(70719,"2022-12-13",15,35,5,4,4,3,null,1), 
(78601,"2022-9-11",16,35,5,2,3,9,null,1), 
(63471,"2022-7-13",17,35,5,1,4,7,null,1), 
(66604,"2022-8-8",18,35,0,0,1,14,null,1), 
(50308,"2022-8-27",19,35,4,2,4,3,null,1), 
(61716,"2022-6-9",20,35,5,0,2,13,null,1), 
(61198,"2022-11-19",21,35,4,3,4,9,null,1), 
(66015,"2022-8-22",22,35,3,5,4,15,null,1), 
(54698,"2022-6-20",23,35,3,0,2,4,null,1), 
(76491,"2022-10-21",24,35,5,2,4,2,null,1), 
(69741,"2022-9-16",25,35,4,1,3,14,null,1), 
(56895,"2022-9-27",26,35,5,2,3,14,null,1), 
(53502,"2022-6-7",27,35,0,0,1,8,null,1), 
(63759,"2022-6-7",28,35,3,2,4,9,null,1), 
(57220,"2022-10-19",29,35,3,2,2,3,null,1), 
(59611,"2022-9-7",30,35,3,0,3,15,null,1), 
(78755,"2022-10-25",31,35,4,2,2,13,null,1), 
(51594,"2022-8-11",32,35,4,0,3,7,null,1), 
(66736,"2022-7-29",33,35,5,0,3,12,null,1), 
(72729,"2022-8-5",34,35,4,0,3,4,null,1), 
(78869,"2022-11-16",36,35,4,1,2,5,null,1), 
(79395,"2022-8-4",37,35,0,0,1,9,null,1), 
(76965,"2022-12-4",1,36,0,3,2,3,null,1), 
(63996,"2022-7-24",2,36,0,0,1,1,null,1), 
(57564,"2022-10-4",3,36,2,3,4,11,null,1), 
(52594,"2022-10-17",4,36,0,0,1,10,null,1), 
(62700,"2022-9-2",5,36,2,1,2,12,null,1), 
(71697,"2022-10-8",6,36,0,0,1,7,null,1), 
(68760,"2022-11-23",7,36,0,0,1,10,null,1), 
(53094,"2022-8-3",8,36,0,1,4,11,null,1), 
(51796,"2022-5-4",9,36,2,1,3,14,null,1), 
(53335,"2022-6-22",10,36,0,1,2,11,null,1), 
(71976,"2022-5-1",11,36,2,4,3,3,null,1), 
(65711,"2022-10-5",12,36,1,3,3,10,null,1), 
(70103,"2022-5-28",13,36,1,3,4,13,null,1), 
(75258,"2022-11-23",14,36,1,5,2,7,null,1), 
(58991,"2022-5-10",15,36,2,5,3,12,null,1), 
(66750,"2022-7-7",16,36,2,1,3,6,null,1), 
(62375,"2022-12-24",17,36,0,0,4,5,null,1), 
(69885,"2022-9-7",18,36,0,0,1,7,null,1), 
(61059,"2022-8-11",19,36,0,0,1,15,null,1), 
(57773,"2022-6-8",20,36,1,0,4,11,null,1), 
(59905,"2022-8-6",21,36,0,3,4,7,null,1), 
(75394,"2022-10-16",22,36,1,3,3,7,null,1), 
(78681,"2022-6-8",23,36,0,1,2,10,null,1), 
(74123,"2022-10-24",24,36,2,2,2,13,null,1), 
(75244,"2022-10-14",25,36,1,0,4,13,null,1), 
(70270,"2022-11-24",26,36,0,0,4,15,null,1), 
(60634,"2022-12-2",27,36,0,2,2,2,null,1), 
(57253,"2022-10-24",28,36,0,0,1,14,null,1), 
(74890,"2022-11-1",29,36,0,0,4,3,null,1), 
(71216,"2022-8-30",30,36,0,0,4,1,null,1), 
(77480,"2022-9-10",31,36,0,0,1,1,null,1), 
(65551,"2022-5-11",32,36,0,0,1,5,null,1), 
(55743,"2022-10-29",33,36,2,0,2,10,null,1), 
(71436,"2022-8-2",34,36,2,0,3,4,null,1), 
(77079,"2022-12-13",35,36,0,0,1,6,null,1), 
(69362,"2022-10-18",37,36,2,1,3,11,null,1), 
(74861,"2022-6-5",1,37,1,3,2,11,null,1), 
(78209,"2022-9-30",2,37,0,3,3,15,null,1), 
(77855,"2022-11-3",3,37,0,4,4,4,null,1), 
(54626,"2022-5-16",4,37,1,0,4,9,null,1), 
(60089,"2022-7-11",5,37,0,0,3,9,null,1), 
(68240,"2022-5-26",6,37,2,0,2,14,null,1), 
(68148,"2022-11-12",7,37,0,1,4,6,null,1), 
(52720,"2022-7-8",8,37,1,2,3,7,null,1), 
(70360,"2022-10-25",9,37,0,0,1,4,null,1), 
(78426,"2022-5-4",10,37,0,0,1,4,null,1), 
(66801,"2022-8-8",11,37,1,3,2,10,null,1), 
(78161,"2022-10-6",12,37,2,3,2,2,null,1), 
(50440,"2022-7-12",13,37,0,0,1,10,null,1), 
(61460,"2022-5-18",14,37,0,5,3,2,null,1), 
(56163,"2022-11-17",15,37,1,3,2,6,null,1), 
(65102,"2022-7-12",16,37,2,1,4,2,null,1), 
(62923,"2022-10-27",17,37,2,0,4,12,null,1), 
(79616,"2022-12-13",18,37,1,2,3,13,null,1), 
(64653,"2022-12-3",19,37,0,2,2,15,null,1), 
(54890,"2022-11-27",20,37,0,0,1,5,null,1), 
(58581,"2022-11-29",21,37,1,4,4,11,null,1), 
(73237,"2022-9-3",22,37,1,4,4,12,null,1), 
(56564,"2022-5-2",23,37,0,1,4,2,null,1), 
(69917,"2022-7-9",24,37,2,1,2,14,null,1), 
(67712,"2022-7-27",25,37,0,2,2,10,null,1), 
(54491,"2022-7-11",26,37,1,2,3,1,null,1), 
(55583,"2022-12-25",27,37,1,1,4,8,null,1), 
(63948,"2022-9-19",28,37,1,2,3,3,null,1), 
(62082,"2022-11-9",29,37,2,0,3,4,null,1), 
(77417,"2022-11-23",30,37,0,0,1,14,null,1), 
(75949,"2022-8-18",31,37,1,1,2,3,null,1), 
(50084,"2022-8-20",32,37,0,0,1,9,null,1), 
(56146,"2022-11-20",33,37,1,0,4,6,null,1), 
(77111,"2022-6-11",34,37,2,1,4,3,null,1), 
(51827,"2022-10-18",35,37,0,0,1,14,null,1), 
(52578,"2022-12-27",36,37,0,0,1,12,null,1);