USE SoccerStats;

-- USE SoccerStatsDevelop;
-- USE SoccerStatsTesting;

INSERT INTO PosicionJugador (posicionJugadorID, nombre) VALUES 
    (1, 'Portero'), 
    (2, 'Defensa'),
    (3, 'Medio'),
    (4, 'Delantero');

INSERT INTO Pais (paisID, nombre) VALUES
    (1, 'Afghanistan'),
    (2, 'Albania'),
    (3, 'Algeria'),
    (4, 'American Samoa'),
    (5, 'Andorra'),
    (6, 'Angola'),
    (7, 'Anguilla'),
    (8, 'Antarctica'),
    (9, 'Antigua and Barbuda'),
    (10, 'Argentina'),
    (11, 'Armenia'),
    (12, 'Aruba'),
    (13, 'Australia'),
    (14, 'Austria'),
    (15, 'Azerbaijan'),
    (16, 'Bahamas'),
    (17, 'Bahrain'),
    (18, 'Bangladesh'),
    (19, 'Barbados'),
    (20, 'Belarus'),
    (21, 'Belgium'),
    (22, 'Belize'),
    (23, 'Benin'),
    (24, 'Bermuda'),
    (25, 'Bhutan'),
    (26, 'Bolivia'),
    (27, 'Bosnia and Herzegovina'),
    (28, 'Botswana'),
    (29, 'Bouvet Island'),
    (30, 'Brazil'),
    (31, 'British Indian Ocean Territory'),
    (32, 'Brunei Darussalam'),
    (33, 'Bulgaria'),
    (34, 'Burkina Faso'),
    (35, 'Burundi'),
    (36, 'Cambodia'),
    (37, 'Cameroon'),
    (38, 'Canada'),
    (39, 'Cape Verde'),
    (40, 'Cayman Islands'),
    (41, 'Central African Republic'),
    (42, 'Chad'),
    (43, 'Chile'),
    (44, 'China'),
    (45, 'Christmas Island'),
    (46, 'Cocos (Keeling) Islands'),
    (47, 'Colombia'),
    (48, 'Comoros'),
    (49, 'Congo'),
    (50, 'Congo, the Democratic Republic of the'),
    (51, 'Cook Islands'),
    (52, 'Costa Rica'),
    (53, 'Cote D''Ivoire'),
    (54, 'Croatia'),
    (55, 'Cuba'),
    (56, 'Cyprus'),
    (57, 'Czech Republic'),
    (58, 'Denmark'),
    (59, 'Djibouti'),
    (60, 'Dominica'),
    (61, 'Dominican Republic'),
    (62, 'Ecuador'),
    (63, 'Egypt'),
    (64, 'El Salvador'),
    (65, 'Equatorial Guinea'),
    (66, 'Eritrea'),
    (67, 'Estonia'),
    (68, 'Ethiopia'),
    (69, 'Falkland Islands (Malvinas)'),
    (70, 'Faroe Islands'),
    (71, 'Fiji'),
    (72, 'Finland'),
    (73, 'France'),
    (74, 'French Guiana'),
    (75, 'French Polynesia'),
    (76, 'French Southern Territories'),
    (77, 'Gabon'),
    (78, 'Gambia'),
    (79, 'Georgia'),
    (80, 'Germany'),
    (81, 'Ghana'),
    (82, 'Gibraltar'),
    (83, 'Greece'),
    (84, 'Greenland'),
    (85, 'Grenada'),
    (86, 'Guadeloupe'),
    (87, 'Guam'),
    (88, 'Guatemala'),
    (89, 'Guinea'),
    (90, 'Guinea-Bissau'),
    (91, 'Guyana'),
    (92, 'Haiti'),
    (93, 'Heard Island and Mcdonald Islands'),
    (94, 'Holy See (Vatican City State)'),
    (95, 'Honduras'),
    (96, 'Hong Kong'),
    (97, 'Hungary'),
    (98, 'Iceland'),
    (99, 'India'),
    (100, 'Indonesia'),
    (101, 'Iran, Islamic Republic of'),
    (102, 'Iraq'),
    (103, 'Ireland'),
    (104, 'Israel'),
    (105, 'Italy'),
    (106, 'Jamaica'),
    (107, 'Japan'),
    (108, 'Jordan'),
    (109, 'Kazakhstan'),
    (110, 'Kenya'),
    (111, 'Kiribati'),
    (112, 'Korea, Democratic People''s Republic of'),
    (113, 'Korea, Republic of'),
    (114, 'Kuwait'),
    (115, 'Kyrgyzstan'),
    (116, 'Lao People''s Democratic Republic'),
    (117, 'Latvia'),
    (118, 'Lebanon'),
    (119, 'Lesotho'),
    (120, 'Liberia'),
    (121, 'Libyan Arab Jamahiriya'),
    (122, 'Liechtenstein'),
    (123, 'Lithuania'),
    (124, 'Luxembourg'),
    (125, 'Macao'),
    (126, 'Macedonia, the Former Yugoslav Republic of'),
    (127, 'Madagascar'),
    (128, 'Malawi'),
    (129, 'Malaysia'),
    (130, 'Maldives'),
    (131, 'Mali'),
    (132, 'Malta'),
    (133, 'Marshall Islands'),
    (134, 'Martinique'),
    (135, 'Mauritania'),
    (136, 'Mauritius'),
    (137, 'Mayotte'),
    (138, 'Mexico'),
    (139, 'Micronesia, Federated States of'),
    (140, 'Moldova, Republic of'),
    (141, 'Monaco'),
    (142, 'Mongolia'),
    (143, 'Montserrat'),
    (144, 'Morocco'),
    (145, 'Mozambique'),
    (146, 'Myanmar'),
    (147, 'Namibia'),
    (148, 'Nauru'),
    (149, 'Nepal'),
    (150, 'Netherlands'),
    (151, 'Netherlands Antilles'),
    (152, 'New Caledonia'),
    (153, 'New Zealand'),
    (154, 'Nicaragua'),
    (155, 'Niger'),
    (156, 'Nigeria'),
    (157, 'Niue'),
    (158, 'Norfolk Island'),
    (159, 'Northern Mariana Islands'),
    (160, 'Norway'),
    (161, 'Oman'),
    (162, 'Pakistan'),
    (163, 'Palau'),
    (164, 'Palestinian Territory, Occupied'),
    (165, 'Panama'),
    (166, 'Papua New Guinea'),
    (167, 'Paraguay'),
    (168, 'Peru'),
    (169, 'Philippines'),
    (170, 'Pitcairn'),
    (171, 'Poland'),
    (172, 'Portugal'),
    (173, 'Puerto Rico'),
    (174, 'Qatar'),
    (175, 'Reunion'),
    (176, 'Romania'),
    (177, 'Russian Federation'),
    (178, 'Rwanda'),
    (179, 'Saint Helena'),
    (180, 'Saint Kitts and Nevis'),
    (181, 'Saint Lucia'),
    (182, 'Saint Pierre and Miquelon'),
    (183, 'Saint Vincent and the Grenadines'),
    (184, 'Samoa'),
    (185, 'San Marino'),
    (186, 'Sao Tome and Principe'),
    (187, 'Saudi Arabia'),
    (188, 'Senegal'),
    (189, 'Serbia and Montenegro'),
    (190, 'Seychelles'),
    (191, 'Sierra Leone'),
    (192, 'Singapore'),
    (193, 'Slovakia'),
    (194, 'Slovenia'),
    (195, 'Solomon Islands'),
    (196, 'Somalia'),
    (197, 'South Africa'),
    (198, 'South Georgia and the South Sandwich Islands'),
    (199, 'Spain'),
    (200, 'Sri Lanka'),
    (201, 'Sudan'),
    (202, 'Suriname'),
    (203, 'Svalbard and Jan Mayen'),
    (204, 'Swaziland'),
    (205, 'Sweden'),
    (206, 'Switzerland'),
    (207, 'Syrian Arab Republic'),
    (208, 'Taiwan, Province of China'),
    (209, 'Tajikistan'),
    (210, 'Tanzania, United Republic of'),
    (211, 'Thailand'),
    (212, 'Timor-Leste'),
    (213, 'Togo'),
    (214, 'Tokelau'),
    (215, 'Tonga'),
    (216, 'Trinidad and Tobago'),
    (217, 'Tunisia'),
    (218, 'Turkey'),
    (219, 'Turkmenistan'),
    (220, 'Turks and Caicos Islands'),
    (221, 'Tuvalu'),
    (222, 'Uganda'),
    (223, 'Ukraine'),
    (224, 'United Arab Emirates'),
    (225, 'United Kingdom'),
    (226, 'United States'),
    (227, 'United States Minor Outlying Islands'),
    (228, 'Uruguay'),
    (229, 'Uzbekistan'),
    (230, 'Vanuatu'),
    (231, 'Venezuela'),
    (232, 'Viet Nam'),
    (233, 'Virgin Islands, British'),
    (234, 'Virgin Islands, U.s.'),
    (235, 'Wallis and Futuna'),
    (236, 'Western Sahara'),
    (237, 'Yemen'),
    (238, 'Zambia'),
    (239, 'Zimbabwe');

INSERT INTO Usuario (usuarioID, nombre, apellido, claveAcceso, correo, telefono, fotografia, genero, fechaNacimiento, fechaRegistro, direccion, rol, estado, paisID) VALUES 
    ('1', 'admin', 'admin', '35gbg6VnNVPizK8I3ajWhg==', 'nullpointers2021@gmail.com', '12345678', 'https://grupof.s3.us-east-2.amazonaws.com/usuarios/01c2f149-79c3-459d-bff2-f39906aff4a0.png', 'F', '1989-02-16', '2022-01-01', 'Los Ángeles, California', 1, 1, 226),
    ('2', 'empleado', 'empleado', '35gbg6VnNVPizK8I3ajWhg==', 'aydrive.g8@gmail.com', '12345678', 'https://grupof.s3.us-east-2.amazonaws.com/usuarios/01c2f149-79c3-459d-bff2-f39906aff4a0.png', 'F', '1989-02-16', '2022-01-01', 'Los Ángeles, California', 2, 1, 226),
    ('3', 'customer', 'customer', '35gbg6VnNVPizK8I3ajWhg==', 'jaguarsoft2018@gmail.com', '12345678', 'https://grupof.s3.us-east-2.amazonaws.com/usuarios/01c2f149-79c3-459d-bff2-f39906aff4a0.png', 'F', '1989-02-16', '2022-01-01', 'Los Ángeles, California', 3, 1, 226);


INSERT INTO Jugador (nombre, apellido, fechaNacimiento, estado, foto, posicionJugadorID, paisID) VALUES
    ('Marc-André', 'ter Stegen', '1992-04-30', 1, 'https://s.hs-data.com/bilder/spieler/gross/150720.jpg', 1, 80),
    ('Thibaut', 'Courtois', '1992-05-11', 1, 'https://s.hs-data.com/bilder/spieler/gross/140652.jpg', 1, 21),
    ('Jan', 'Oblak', '1993-01-07', 1, 'https://s.hs-data.com/bilder/spieler/gross/174468.jpg', 1, 194),
    ('Manuel', 'Neuer', '1986-03-27', 1, 'https://s.hs-data.com/bilder/spieler/gross/21516.jpg', 1, 80),
    ('Gregor', 'Kobel', '1997-12-06', 1, 'https://s.hs-data.com/bilder/spieler/gross/272803.jpg', 1, 206),
    ('Virgil', 'van Dijk', '1991-07-08', 1, 'https://s.hs-data.com/bilder/spieler/gross/163624.jpg', 2, 150),
    ('Ronald', 'Araújo', '1999-03-07', 1, 'https://s.hs-data.com/bilder/spieler/gross/397946.jpg', 2, 228),
    ('Sergio', 'Ramos', '1986-03-30', 1, 'https://s.hs-data.com/bilder/spieler/gross/19198.jpg', 2, 199),
    ('Jordi', 'Alba', '1989-03-21', 1, 'https://s.hs-data.com/bilder/spieler/gross/125417.jpg', 2, 199),
    ('Sergio', 'Busquets', '1988-07-16', 1, 'https://s.hs-data.com/bilder/spieler/gross/124973.jpg', 3, 199),
    ('Bruno', 'Fernandes', '1994-09-08', 1, 'https://s.hs-data.com/bilder/spieler/gross/226450.jpg', 3, 172),
    ('Luka', 'Modric', '1985-09-09', 1, 'https://s.hs-data.com/bilder/spieler/gross/38680.jpg', 3, 226),
    ('Lionel', 'Messi', '1985-06-24', 1, 'https://s.hs-data.com/bilder/spieler/gross/26622.jpg', 4, 10),
    ('Robert', 'Lewandowski', '1985-06-24', 1, 'https://s.hs-data.com/bilder/spieler/gross/119750.jpg', 4, 171);

INSERT INTO DirectorTecnico (nombre, apellido, fechaNacimiento, estado, foto, paisID) VALUES 
    ('Pep', 'Guardiola', '1971-01-18', '1', 'https://s.hs-data.com/bilder/spieler/gross/3528.jpg', 199),
    ('Jürgen', 'Klopp', '1967-06-16', '1', 'https://s.hs-data.com/bilder/spieler/gross/2235.jpg', 80),
    ('Ralf', 'Rangnick', '1958-06-29', '1', 'https://s.hs-data.com/bilder/spieler/gross/2127.jpg', 80),
    ('Julian', 'Nagelsmann', '1986-07-23', '1', 'https://s.hs-data.com/bilder/spieler/gross/53685.jpg', 80),
    ('Matthias', 'Jaissle', '1988-04-05', '1', 'https://s.hs-data.com/bilder/spieler/gross/73109.jpg', 80);

INSERT INTO Estadio (nombre, fechaFundacion, capacidad, direccion, estado, foto, paisID) VALUES
    ('Allianz Arena','2002-10-21',75024,'Werner-Heisenberg-Allee 25',1,'https://s.hs-data.com/bilder/stadien/detail/678.jpg',80),
    ('Allianz Stadium','1990-12-12',41254,'Strada Comunale di Altessano 131',1,'https://s.hs-data.com/bilder/stadien/detail/3831.jpg',105),
    ('Anfield','2002-10-21',54074,'L4 0TH Liverpool',1,'https://s.hs-data.com/bilder/stadien/detail/80.jpg',225),
    ('Camp Nou','2002-10-21',99354,'Carrer dAristides Maillol',1,'https://s.hs-data.com/bilder/stadien/detail/78.jpg',199),
    ('Estádio da Luz','2002-10-21',75024,'Av. General Norton De Matos 1500',1,'https://s.hs-data.com/bilder/stadien/detail/421.jpg',172),
    ('Gazprom Arena','2016-10-21',68134,'Futbolnaya alley 1',1,'https://s.hs-data.com/bilder/stadien/detail/5245.jpg',177),
    ('Jan Breydel Stadion','1975-09-23',29042,'Brugge',1,'https://s.hs-data.com/bilder/stadien/detail/75.jpg',21),
    ('Johan Cruijff ArenA','1996-06-07',54990,'Arena Boulevard 29',1,'https://s.hs-data.com/bilder/stadien/detail/73.jpg',150),
    ('Nya Malmo Stadion','2009-11-12',22500,'Eric Perssons väg 31',1,'https://s.hs-data.com/bilder/stadien/detail/2347.jpg',205),
    ('Olimpiyskyi','1923-10-21',70050,'Kiev',1,'https://s.hs-data.com/bilder/stadien/detail/143.jpg',223),
    ('Parc des Princes','1972-10-04',48712,'Rue du Commandant Guilbaud 24',1,'https://s.hs-data.com/bilder/stadien/detail/62.jpg',73),
    ('Stadion Wankdorf','2005-11-01',32000,'Papiermühlestrasse 71',1,'https://s.hs-data.com/bilder/stadien/detail/650.jpg',218),
    ('Stamford Bridge','1877-04-03',41837,'SW6 1HS London',1,'https://s.hs-data.com/bilder/stadien/detail/270.jpg',225),
    ('Red Bull Arena','2003-10-21',31895,'5020 Wals-Siezenheim',1,'https://s.hs-data.com/bilder/stadien/detail/330.jpg',80),
    ('Santiago Bernabéu','1947-02-06',81044,'Avenida Concha Espina 1',1,'https://s.hs-data.com/bilder/stadien/detail/91.jpg',199);

INSERT INTO Equipo (nombre, fechaFundacion, fotoLogo, paisID) VALUES
    ('Atlético de Madrid','1903-04-26','https://s.hs-data.com/bilder/wappen/mittel/737.gif?fallback=png',199),
    ('F.C Barcelona','1899-11-29','https://s.hs-data.com/bilder/wappen/mittel/530.gif?fallback=png',199),
    ('Real Madrid','1902-03-06','https://s.hs-data.com/bilder/wappen/mittel/532.gif?fallback=png',199),
    ('Sevilla, S.A.D','1890-01-25','https://s.hs-data.com/bilder/wappen/mittel/529.gif?fallback=png',199),
    ('Athletic Club de Bilbao','1898-01-01','https://s.hs-data.com/bilder/wappen/mittel/528.gif?fallback=png',199),
    ('Real Betis','1907-09-12','https://s.hs-data.com/bilder/wappen/mittel/540.gif?fallback=png',199),
    ('Valencia','1919-03-18','https://s.hs-data.com/bilder/wappen/mittel/531.gif?fallback=png',199),
    ('Villarreal','1923-03-10','https://s.hs-data.com/bilder/wappen/mittel/538.gif?fallback=png',199),
    ('Real Sociedad','1909-09-07','https://s.hs-data.com/bilder/wappen/mittel/527.gif?fallback=png',199),
    ('Celta de Vigo','1923-08-23','https://s.hs-data.com/bilder/wappen/mittel/536.gif?fallback=png',199),
    ('Arsenal','1886-10-01','https://s.hs-data.com/bilder/wappen/mittel/555.gif?fallback=png',225),
    ('Chelsea','1905-03-14','https://s.hs-data.com/bilder/wappen/mittel/544.gif?fallback=png',225),
    ('Liverpool','1892-03-15','https://s.hs-data.com/bilder/wappen/mittel/550.gif?fallback=png',225),
    ('Manchester City','1880-01-01','https://s.hs-data.com/bilder/wappen/mittel/750.gif?fallback=png',225),
    ('Manchester United','1978-03-01','https://s.hs-data.com/bilder/wappen/mittel/543.gif?fallback=png',225),
    ('Tottenham Hotspur','1882-09-05','https://s.hs-data.com/bilder/wappen/mittel/552.gif?fallback=png',225),
    ('West Ham United','1895-01-01','https://s.hs-data.com/bilder/wappen/mittel/553.gif?fallback=png',225),
    ('Everton','1978-04-02','https://s.hs-data.com/bilder/wappen/mittel/560.gif?fallback=png',225),
    ('Leicester City','1884-01-01','https://s.hs-data.com/bilder/wappen/mittel/549.gif?fallback=png',225),
    ('Newcastle United','1882-01-01','https://s.hs-data.com/bilder/wappen/mittel/546.gif?fallback=png',225),
    ('Bayern Munchen','1900-02-27','https://s.hs-data.com/bilder/wappen/mittel/222.gif?fallback=png',80),
    ('Borussia Dortmund','1909-12-19','https://s.hs-data.com/bilder/wappen/mittel/210.gif?fallback=png',80),
    ('Bayer Leverkusen','1904-07-01','https://s.hs-data.com/bilder/wappen/mittel/236.gif?fallback=png',80),
    ('Leipzig','2009-05-19','https://s.hs-data.com/bilder/wappen/mittel/13247.gif?fallback=png',80),
    ('Stuttgart','1893-09-09','https://s.hs-data.com/bilder/wappen/mittel/215.gif?fallback=png',80),
    ('Ajax','1900-03-18','https://s.hs-data.com/bilder/wappen/mittel/1426.gif?fallback=png',150),
    ('PSV Eindhoven','1913-08-31','https://s.hs-data.com/bilder/wappen/mittel/1425.gif?fallback=png',150),
    ('Benfica','1904-02-28','https://s.hs-data.com/bilder/wappen/mittel/811.gif?fallback=png',172),
    ('Porto','1893-09-28','https://s.hs-data.com/bilder/wappen/mittel/808.gif?fallback=png',172),
    ('Sporting Clube','1906-07-01','https://s.hs-data.com/bilder/wappen/mittel/809.gif?fallback=png',172),
    ('Olympique Lyonnais','1950-08-03','https://s.hs-data.com/bilder/wappen/mittel/567.gif?fallback=png',73),
    ('Olympique de Marseille','1899-08-31','https://s.hs-data.com/bilder/wappen/mittel/576.gif?fallback=png',73),
    ('Monaco','1919-08-01','https://s.hs-data.com/bilder/wappen/mittel/562.gif?fallback=png',73),
    ('Lille','1944-09-23','https://s.hs-data.com/bilder/wappen/mittel/577.gif?fallback=png',73),
    ('Paris Saint-Germain','1970-08-12','https://s.hs-data.com/bilder/wappen/mittel/563.gif?fallback=png',73),
    ('Comunicaciones','1949-08-16','https://s.hs-data.com/bilder/wappen/mittel/5963.gif?fallback=png',88),
    ('Municipal','1936-05-17','https://s.hs-data.com/bilder/wappen/mittel/5964.gif?fallback=png',88);